Key,English,Persian
auto.00076816,Valuation Date (optional),
auto.001cc410,Batch #,
auto.00249974,Product *,
auto.002754ad,Description,
auto.0037d5f1,Cancel,
auto.003a58e5,Create PO,
auto.0060a8e2,Lost,
auto.00747129,Status,
auto.00755b78,All Status,
auto.008cf3c9,Handover Date,
auto.008fb2ec,Type,
auto.00921583,User,
auto.00b4acde,← Back to Portfolio,
auto.00b5b2d0,Revision:,
auto.00c8c76d,Safety Stock,
auto.00f1f4f5,Expired,
auto.00f567d3,End Date:,
auto.0109ad36,Loading...,
auto.01352901,Status,
auto.0144aea2,Company,
auto.015ac2a2,Out of Tolerance,
auto.015f4194,Open,
auto.0178b8d6,Project ID,
auto.017fe17a,Open,
auto.01839757,Work Center Routing,
auto.0196179a,Actions,
auto.01b73262,Scope / Area,
auto.01b7b54c,Won,
auto.01e35fbf,Apply,
auto.026c721d,0,
auto.02761cce,BOMs Pending,
auto.02a06071,Refresh,
auto.02a1e362,-,
auto.02b51b62,User,
auto.02c3af41,Actions,
auto.030024ac,All Runs,
auto.0303e44f,Subcontract,
auto.0315cd04,Step,
auto.03180085,Equipment Type,
auto.032e5920,All Suppliers,
auto.032fffa6,Basic,
auto.033012b5,Milestone Name,
auto.035ee04c,Customers,
auto.0362bec8,-,
auto.0384d7ca,Calibration Management,
auto.03a64261,Type,
auto.03ad2f35,Component (Product ID),
auto.03d14d3a,Source,
auto.03e4e28d,Description,
auto.04010ca7,Obsolete,
auto.04177dd9,Details,
auto.04214eff,Loading...,
auto.0432647c,No projects assigned to your company.,
auto.044332dc,All Warehouses,
auto.044dff07,Completed,
auto.04515889,Subcontract Order Dashboard,
auto.0457ddc3,Internal,
auto.046ce7f7,End Date,
auto.04794ea0,Cancel,
auto.048667a6,Product ID,
auto.048b6e0f,Loading tasks...,
auto.04907921,New Quality Plan Assignment,
auto.04ab1462,All,
auto.04c9e913,Product,
auto.04da7ee4,Used in Projects,
auto.04f811a8,Require Approval,
auto.04f92bb0,0%,
auto.053b6508,Project ID,
auto.054345a7,-,
auto.054813e6,Cancel,
auto.055e3d56,High,
auto.0564b2ac,Actions,
auto.0567d816,Name,
auto.05682443,Select project first,
auto.057a481e,Export CSV,
auto.059e4030,Login,
auto.05d4371e,Total Capacity,
auto.05d71dfb,USD,
auto.05e4383f,Company ID *,
auto.060e0ae6,Action,
auto.06152948,Permission,
auto.063c234f,Inventory,
auto.06659870,Create Production Order,
auto.06843964,Export CSV,
auto.06a6184d,Sign,
auto.06c46b2b,Status,
auto.077a8ec2,0,
auto.0784674d,0,
auto.0790a939,Accept Batch,
auto.079d71e5,Date From,
auto.07c72702,Cancel,
auto.07ed68c1,Spec Min,
auto.07f1fe9f,"Use the builder to add key‑value pairs. The operator (e.g., =, &gt;, contains) is stored but currently not evaluated in this version.",
auto.0801964e,Request ECO,
auto.080de538,0,
auto.081683f1,Customer,
auto.083a7aa0,Resource Allocation,
auto.083c1ec7,"Scan Job Card, Serial Number, or Badge",
auto.0865c836,0,
auto.088c6330,Actions,
auto.0890620d,Role,
auto.08a80411,Purchased,
auto.08afe120,Import/Export,
auto.08afe228,Close,
auto.08bf3306,Date From,
auto.08e521de,Status,
auto.08e5ac2c,Description,
auto.08ff309c,Internal Users,
auto.092c135b,Open,
auto.09330ee9,Simulation (no database changes),
auto.094ea857,Product,
auto.095a723e,Status,
auto.095a7d64,Supplier *,
auto.09727a22,Source *,
auto.0998256c,Cancel,
auto.099df63f,Pending Submissions,
auto.09a4d94b,Sales,
auto.09acf73f,Roles/Permissions,
auto.09c96feb,Export CSV,
auto.09cfe310,0,
auto.09eafa8c,Select work center,
auto.09fcc478,Value by Warehouse,
auto.0a04ede2,Export CSV,
auto.0a1ffff7,Product Category / Search,
auto.0a2deb54,Loading...,
auto.0a5a44ac,Supplier Quality Scorecard,
auto.0a629e17,Used In Templates,
auto.0a7ed6fe,Corrective &amp; Preventive Actions,
auto.0a866858,OK,
auto.0aa15155,Cancel,
auto.0aabbcb8,Role,
auto.0ab34055,Loading...,
auto.0abb6922,Sent,
auto.0ac7f7ea,Status,
auto.0acfea44,EUR,
auto.0ad8e778,Transfer,
auto.0adcccc9,Run History,
auto.0affbc54,Signed By,
auto.0b0103ac,Address:,
auto.0b060925,Cancel,
auto.0b0907e3,Project Manager,
auto.0b85829e,Supplier,
auto.0b8a58e8,Audit Log Details,
auto.0b9acc8f,Save All,
auto.0bf7c628,Total Allocated Hours*,
auto.0c0470e5,All,
auto.0c0e062e,0,
auto.0c16c0a2,Refresh,
auto.0c17f1be,Last Run Status,
auto.0c1ef696,Severity,
auto.0c2274d3,Coming Soon,
auto.0c3894b0,Target Product ID,
auto.0c467e10,Status,
auto.0c6429ba,0,
auto.0c64cc64,Active,
auto.0c9154ed,Loading jobs...,
auto.0cb5f899,Reset,
auto.0cdee02c,This signature confirms the disposition decision.,
auto.0cdfe06a,Total,
auto.0ced206a,Override Standard BOM Quantity,
auto.0d06882e,All,
auto.0d205809,Status,
auto.0d21e35a,0,
auto.0d2bc48f,Due Date From,
auto.0d6d6125,Total Supply Chain Management System,
auto.0d9ae052,Active,
auto.0dab61cb,Engineering,
auto.0dba9a5c,Cancel,
auto.0dcf4bc8,Shipping,
auto.0df90785,Due Date,
auto.0e138043,Actions,
auto.0e1c5295,Cancel,
auto.0e21da55,0,
auto.0e296dd4,Clear,
auto.0e4633a3,Tracking#,
auto.0e485542,-,
auto.0e4be741,Due Date,
auto.0e665cc4,MRP,
auto.0e9809d6,Project Details,
auto.0ed84390,Project (Optional),
auto.0edfb59e,Message,
auto.0ee9ba7d,Batch/Lot Number,
auto.0f01f88f,{,
auto.0f087865,Loading...,
auto.0f0f8d06,0,
auto.0f3a3a9d,Order,
auto.0f44e252,Due This Week,
auto.0faae061,Your Name,
auto.0faaedf4,Unit Cost,
auto.0fb4c6b9,Internal,
auto.0fca50f0,Complete Work Order,
auto.0fd29277,Document Type,
auto.100451cf,Check In Document,
auto.103e9936,Create PO,
auto.1068e887,Value,
auto.107a31e9,Loading...,
auto.10884cb6,Role,
auto.108b9643,Product,
auto.109ed7a6,PO #,
auto.10b8dc3c,0,
auto.10c5fa4d,Import External Users CSV,
auto.10cfda1e,Start Date,
auto.10dc3775,Quantity,
auto.10dcab69,Low,
auto.111fd7d2,Status,
auto.1143c36c,External Steps,
auto.1151bb78,Status,
auto.1152141e,Project ID *,
auto.117f3f31,All,
auto.1181e9e3,Cancelled,
auto.1192b903,0,
auto.11957e29,Avg Duration (sec),
auto.11a78d96,Cancel,
auto.11ca43cb,Manufacturing,
auto.11cfb9ac,Save,
auto.11ecfa78,Required,
auto.120b0286,-,
auto.12110845,Process,
auto.12208906,Budget,
auto.12347074,📂 Import CSV,
auto.123e94c8,Select Auditor,
auto.127fb565,Upload,
auto.12b9f4a2,Supply Chain,
auto.12f8c196,0,
auto.1306ee5c,Deliverable Name,
auto.13090ea5,Start Date,
auto.132279a6,Next Due Date (YYYY-MM-DD),
auto.133f99ab,Apply Filters,
auto.134493ad,JSON,
auto.134e2537,Message (optional),
auto.13652a39,Supply Chain,
auto.136f9779,Save,
auto.137442a1,Rejected,
auto.13928842,Quantity Produced,
auto.139cb698,Defect,
auto.139f60ec,All,
auto.13a39f0b,Won/Lost,
auto.13c689ad,Product,
auto.13cd2d15,3 - High,
auto.13fc9307,Actions,
auto.14103f11,Cancel,
auto.1415347c,Title:,
auto.143d231f,Products,
auto.143f3f21,Save User,
auto.1476e91f,Select a role from the left to edit its permissions.,
auto.147be47c,0,
auto.148552f1,Status,
auto.149042c9,Cancel,
auto.149b52e2,Run Valuation,
auto.14bdd779,PurchaseOrder,
auto.14d60d2a,0,
auto.14f69b72,Description,
auto.15125608,Product *,
auto.15130a8d,Show effective only (today,
auto.15182d9f,Batch Size,
auto.15637278,Supplier Scorecard,
auto.156ac5fb,← Back to List,
auto.1580b428,Timestamp,
auto.15831cbf,Operation,
auto.158fa9ed,🏭 Customer Projects,
auto.1592498e,Cancel,
auto.159cbdfd,Date To,
auto.159dcc48,Product,
auto.159f2500,Value,
auto.15a0a0c1,0,
auto.15a35098,Status,
auto.15f0ffce,Capacity Planning,
auto.15fee99f,Attach Documents (optional),
auto.16011e72,Date To,
auto.1612bdaa,Digital Signature (PIN or password),
auto.16173a39,Refresh,
auto.161a21b4,0,
auto.162806b1,Total,
auto.166a221d,Refresh,
auto.167496e5,Draft,
auto.16a2eee4,Pending,
auto.16f4bf5c,Apply Filters,
auto.173207b3,Select project,
auto.174164d7,Quality Plan Assignments,
auto.174d6619,Actions,
auto.175aed71,Completed,
auto.1782527d,Low Stock Products,
auto.1783d30e,The supplier will be notified via portal/email.,
auto.17c855e1,Defect Code,
auto.180bcd1f,Confirm Password,
auto.18245109,All,
auto.1828efae,Financial chart will appear after Chart.js is installed.,
auto.183b2b4a,Released,
auto.1849ba2d,Quality,
auto.185960f2,Order Type,
auto.18610973,Create Quality Inspection Batch,
auto.18702806,Status,
auto.187a2d29,Max Revisions,
auto.1888e944,Shipped,
auto.188d19c4,Project Portfolio,
auto.188e0169,Inventory Management,
auto.18adca49,Order Date From,
auto.18c308b3,Draft,
auto.18ccb79b,All,
auto.18e44478,Product,
auto.190bae35,Quality Dashboard,
auto.1927b36f,Date From,
auto.195c6bc6,Work Instruction,
auto.1971eaac,Loading assignments...,
auto.19764b79,-,
auto.1987886b,Draft,
auto.19b2c0ff,Approval,
auto.19b42a81,Actions,
auto.19b6c4bb,All,
auto.19bcaf47,Financial,
auto.19c9fea4,Contact Person,
auto.19efaf71,NCR #,
auto.19fb1a71,Procurement Type,
auto.1a2d146a,Description,
auto.1a4287b7,Date To,
auto.1a4389f4,Document Type,
auto.1a49f682,Incoming Batches,
auto.1a5bb306,Portal Permissions (JSON),
auto.1a7b23bf,Access documents shared with you by our engineering team.,
auto.1a7f65ae,Unit,
auto.1aed2a10,Cancel,
auto.1afdd830,Apply,
auto.1b304ae5,Customer,
auto.1b3b8854,Intermediate,
auto.1b638551,Add Template,
auto.1b6b757a,Save Project,
auto.1b7955e4,Product,
auto.1b97f286,Loading...&lt;\/td&gt;,
auto.1b9c813f,Date,
auto.1b9d23c0,Export CSV,
auto.1ba11524,Project,
auto.1bb18137,Close,
auto.1bb77491,All,
auto.1bb9ce52,% of batches passed,
auto.1bcb65cc,Export CSV,
auto.1bd2724d,Work Center,
auto.1bd907f2,Archive Operation,
auto.1bfb5e6a,Monthly,
auto.1c088fbb,Description,
auto.1c0b3362,Loading...,
auto.1c13b8b1,Export CSV,
auto.1c1f0a29,Material Requirements Planning,
auto.1c3b7c24,Internal,
auto.1c87d886,Warehouse Code *,
auto.1c989865,Checkout Status,
auto.1cdadf1f,Report Defect,
auto.1ceba318,In Progress,
auto.1cedbcc1,Apply Template,
auto.1cff6a4c,Maintenance Management,
auto.1d304647,On Hold,
auto.1d4741ba,Tooltip: Warranty applied to new serial numbers,
auto.1d643dc4,Save Step,
auto.1d74681c,Approve,
auto.1d905e15,Cancel,
auto.1d917900,Import CSV,
auto.1daaa797,Extra Hours,
auto.1dd31a7b,Export CSV,
auto.1dfe3cb8,Submit Inspection,
auto.1e5ddced,Approved,
auto.1e73717b,Total Assignments,
auto.1e7fe5b0,Supplier,
auto.1e87d237,Supplier (link),
auto.1e8ddb2a,USD (estimated),
auto.1e9995bb,Major,
auto.1eac1e9d,Product,
auto.1eb82082,Cancel,
auto.1ec1ecb0,Supply Chain,
auto.1f07b05f,Loading...{,
auto.1f1219c6,Sequence,
auto.1f1806a4,0,
auto.1f2df9c9,All modules,
auto.1f304d5c,Min Order Qty,
auto.1f4b5041,Select Operation,
auto.1f523520,Result,
auto.1f57a4d0,Select...,
auto.1f619d08,Specification,
auto.1f7be211,Work Center,
auto.1f95a4c4,0,
auto.1fa7f346,Preventive,
auto.1fb9d108,Specification,
auto.1fc07759,Reset,
auto.1fc517cd,Scope,
auto.1fd8c46b,Procurement Type,
auto.1fda376a,Refresh,
auto.2002d66d,Sent,
auto.203409ab,Major,
auto.2045dc27,Create New,
auto.204a8ede,Quality,
auto.20655a82,+ Add Document Type,
auto.20b7b6ea,Status,
auto.20bdbaeb,Loading...,
auto.20be78f5,Refresh,
auto.20cfd2ad,Export CSV,
auto.20dd1a37,0,
auto.20e7c74a,Critical,
auto.20f71595,Notification,
auto.2101655f,Warranty (months),
auto.2105b052,+ Add Reminder,
auto.2158eabc,0,
auto.21872836,Document Checkout,
auto.218dbfd5,0,
auto.219070df,Cancel,
auto.21bc7f3a,Link,
auto.21c9449b,"Product created, BOM pending",
auto.21fab6fb,Rejected,
auto.221e0eb3,Document Control,
auto.22250e57,Product,
auto.2238e59b,Projects,
auto.2241765e,Version tracking will be available soon.,
auto.226a72fa,0,
auto.226ad63c,-,
auto.22801b37,0,
auto.228a5da4,Severity,
auto.2290ad23,Corrective,
auto.229a4fb6,Actions,
auto.22a73f88,Pending ECOs,
auto.22b2f8d9,UOM,
auto.22d4de3f,Expected Today,
auto.22f704ac,Send Reminder,
auto.2302e773,Grant Entity Permission,
auto.2339b172,Confirm all required inspections are completed and passed?,
auto.2345d689,Warehouse,
auto.23540de3,Confirm,
auto.235a36ad,Max Concurrent Jobs,
auto.23733335,Accept,
auto.23860946,Operation Detail,
auto.2391fdf8,-,
auto.23a33110,Cancel,
auto.23d35778,Export CSV,
auto.23d5b6ab,What-If Scenarios,
auto.23e0056e,Cancel,
auto.2412cf9d,Approved,
auto.242957c5,PO Number,
auto.243d9449,Audit Date (YYYYMMDD),
auto.243f1b01,Create Subcontract PO from Production Order,
auto.24494e9f,Select role,
auto.245ac937,BOM Management,
auto.247ffc2b,Completed,
auto.249b444f,Change Notes,
auto.24a9f2f4,Exception List,
auto.24afdcbe,Apply Filters,
auto.24bf7cb7,Warehouse,
auto.24c40c7e,0,
auto.24c898cb,Obsolete,
auto.24da0d0b,Workflow Name *,
auto.25067203,Username or Email,
auto.250bc028,Save,
auto.250c0cad,Product,
auto.251a501c,0,
auto.253bf5c3,Save,
auto.253eabc2,Date From,
auto.2558bd35,Report Completion - Order,
auto.25683b53,All,
auto.25acce89,Avg. Utilisation,
auto.25c81b42,Close,
auto.25de2646,Quantity,
auto.25e5c8f0,Effective Date,
auto.2607100b,+ Create PO,
auto.262804bc,Active,
auto.262c7182,Documents,
auto.262ca491,auto.262ca491,
auto.263f1729,Supply Chain,
auto.263f8b89,Max Value,
auto.26502948,Serial History,
auto.2650e3f5,Description,
auto.26590292,Pass,
auto.2659f3b5,Type,
auto.2662bb9b,Order ID,
auto.268e9df1,Refresh Status,
auto.269b0fea,Loading...,
auto.26a43646,Company *,
auto.26a933f0,Active Document Types,
auto.26b5fbd0,Corrective Actions,
auto.26c7e0c1,Status,
auto.26cadef9,Purchase Orders List,
auto.26e580e0,Status,
auto.26ecc621,Reset,
auto.2711bbd2,Valuation Details,
auto.271e5383,Bill of Materials,
auto.272ecb2b,Cancel,
auto.27397302,Document Types,
auto.274aecde,0,
auto.275151ea,Manufacturing,
auto.276014b7,Value,
auto.27a12eb3,Close,
auto.27d7121e,New Order,
auto.27f82e4c,Telephone:,
auto.27fcf412,Completed,
auto.280343ff,Created Date,
auto.280716d8,Active,
auto.28146713,Allocation %,
auto.2820a1a2,Refresh,
auto.285dd030,General,
auto.285e47f7,Document Number,
auto.28631b78,+ Add Contact,
auto.2898932b,Created By,
auto.289dffc0,Loading...,
auto.28a33860,High Severity,
auto.28cc972b,Select Work Center,
auto.28e45758,0,
auto.28fbaef1,Revision History,
auto.29095919,Set as Firmed,
auto.29196420,Status,
auto.291be161,Amount,
auto.292023c1,Work Instruction,
auto.29390f09,Notes,
auto.294a99b3,Product *,
auto.2953640f,Add Document Type,
auto.2954d8b3,Roles,
auto.29b5cc11,auto.29b5cc11,
auto.29ea335e,Advanced,
auto.29ecaf6e,Work Center,
auto.29f9dbaa,Department,
auto.2a0b98c9,Quantity,
auto.2a40ddcd,Loading...&lt;\/td&gt;,
auto.2a4bdcd6,By Category,
auto.2a5bd143,-,
auto.2a6713bd,ECO Warning,
auto.2a6efd81,Product,
auto.2a9bcba4,Work Centers,
auto.2ab0334c,-- Choose --,
auto.2ab740dc,Stock Movements,
auto.2abee2de,Visual,
auto.2ac4c63a,Overview,
auto.2aeb2ff6,Team,
auto.2af6b0ea,Per Lot,
auto.2b03f210,Product ID,
auto.2b0c346a,Select Run,
auto.2b156a09,0,
auto.2b3821fb,Defect Management,
auto.2b5498f8,Quantity,
auto.2b614467,By Carrier,
auto.2b8a927a,1 - Low,
auto.2b9bb9b7,Action #,
auto.2ba7efaa,Quantity,
auto.2bb1b330,Each Batch,
auto.2bddd2d2,Schedule Maintenance,
auto.2be03f9b,Completed,
auto.2bf3a090,Effective Date,
auto.2c161bb9,Status,
auto.2c3929e5,Status,
auto.2c4a93b7,Order Date From,
auto.2c5882a0,-,
auto.2c58865e,CSV columns:,
auto.2c6a3bcd,Completed,
auto.2c6ae334,Rejected,
auto.2c6b61a4,Major,
auto.2cac32ed,Loading...,
auto.2cbd24cd,Grant,
auto.2cc2842e,Supplier,
auto.2d12e75c,All,
auto.2d21480e,Active,
auto.2d312cf2,Open,
auto.2d4edd30,Defect Code,
auto.2d72dc8e,Refresh,
auto.2d985c6a,Record Action,
auto.2d9b429a,Cost of Poor Quality,
auto.2da4ae21,Is Custom Component,
auto.2dbcb547,Select Family,
auto.2de96c59,Work Center Routing,
auto.2df2206f,Code *,
auto.2e0035b7,Module,
auto.2e01e402,Lost,
auto.2e0823be,Leak,
auto.2e0aaff5,Cancel,
auto.2e0b4047,-,
auto.2e103d28,Enter Inspection Results,
auto.2e202113,Location,
auto.2e2d4d23,Portal Settings,
auto.2e4108af,Packed,
auto.2e6f8942,Approval Type,
auto.2e9ff549,Close,
auto.2eb39e08,Subcontract Orders List,
auto.2eb842ca,Document:,
auto.2ec7700a,Coming Soon,
auto.2ee17c5f,Quarterly,
auto.2eeca9e9,All Products,
auto.2f061ce9,Due Date From,
auto.2f0e4aaa,Project Quality Plans,
auto.2f20a563,Max Rating,
auto.2f27c3df,PO #,
auto.2f456fc2,Apply,
auto.2f5d986e,Purchased,
auto.2f5e65c9,Import Users (CSV),
auto.2f60e09c,Edit,
auto.2f6771f9,Name,
auto.2ff67b55,0,
auto.2ff7d8f9,Cancel,
auto.30291408,Date,
auto.302ae543,Pending,
auto.302df001,Save Result,
auto.30394d2d,Project Type,
auto.3059249c,Approved,
auto.305b25e2,Lost,
auto.30c2a028,Active Assignments by Role,
auto.30c497b9,Select modules to show in portal,
auto.30cdcd96,Actual Date,
auto.30ce59f3,Create Scenario,
auto.30ee05e1,Total Warehouses,
auto.30f6b8ae,Total,
auto.30faf881,"Username, Email, FullName, Department, Position, EmployeeID, IsActive, Roles",
auto.310032e0,Apply,
auto.31700a7f,Draft,
auto.3175e101,Test Action,
auto.31931818,Priority,
auto.31bb18b4,Generated Date,
auto.31caa10b,Status,
auto.31da1fa8,Critical / Major / Minor,
auto.31df225e,Assigned To,
auto.31f747ee,Open,
auto.32139bba,Actions,
auto.32187e82,Specification,
auto.3220130e,Supplier Inspection Portal,
auto.325a1a3c,Purchasing,
auto.3278647d,Customer ID:,
auto.3293d2e4,Search,
auto.32956174,Add Step,
auto.32c15c58,Role,
auto.33005e25,Past Due,
auto.33013a3a,Loading...,
auto.330ec8d1,Certificate #,
auto.3316f63b,Project Details,
auto.33463944,html,
auto.338f981b,Loading purchase orders...,
auto.33b663bd,Work Center (optional),
auto.33b75e9b,Product,
auto.33c2fad4,Actions,
auto.33c853c2,Create new version (instead of updating current),
auto.33cb6be1,Actions,
auto.33d1005b,Export,
auto.33d422e1,Critical,
auto.33eb0dc5,Permissions will be set in the matrix after creation.,
auto.33fe2c01,Clear Filters,
auto.34069e86,Supplier,
auto.3412dd0d,Date Raised,
auto.341f23b3,Active,
auto.34632377,Enter Inspection Results,
auto.346dc81b,All users,
auto.348a5aa7,Total Load (hrs),
auto.349b7ac7,0,
auto.34e183f0,Add User,
auto.34f86750,"Roles: pipe-separated, e.g.",
auto.35088477,Check In Document,
auto.35194c54,Apply Template,
auto.35585feb,Status,
auto.355f98bc,Active Products,
auto.35652573,Department,
auto.35cc4fc3,Completed,
auto.35da1c2f,Date To,
auto.35e5d26d,Severity,
auto.35fb3625,Partially Received,
auto.3607c460,Location,
auto.360ef97e,Type,
auto.3619b264,Update Status,
auto.361fa150,Draft,
auto.3626be14,Operations List,
auto.3652af24,Cancel,
auto.3653b00e,"Project, Username, Role, Start Date Key, End Date Key, Is Active",
auto.365cc60e,Name,
auto.368634cc,Purchase Order ID,
auto.3695307e,Run Simulation,
auto.36b7d39d,📎 Export CSV,
auto.36d0c267,Reason,
auto.36d4588f,Work Center,
auto.36ef3bb2,All,
auto.3725dbb2,Title,
auto.372b5ed6,Export,
auto.374816c9,Export CSV,
auto.374ef258,Upload New Document,
auto.374fcbca,Requested New Due Date,
auto.37793014,Loading...,
auto.37a627db,USD,
auto.37c6cb34,JSON,
auto.37ce3cec,Document Number *,
auto.37e77b46,Product,
auto.37edf06f,Closed,
auto.37f1ad0d,SCM Login,
auto.3811b4b0,Complete Milestone,
auto.382676af,Employee,
auto.38320df8,Due Date,
auto.3838e4bd,Win/Loss Reason:,
auto.383d1947,Refresh,
auto.38423a01,Low Stock Only,
auto.38590f40,Auditor,
auto.38713039,Roles pipe-separated.,
auto.389ac995,Production Order (link),
auto.38a9e29e,0,
auto.38c01c1e,Select supplier,
auto.38fdf252,Equipment ID (unique),
auto.3921e3b5,Project,
auto.398a8455,Details,
auto.39a9ef47,-,
auto.39aae1d3,Overdue,
auto.39ae0ebb,Cancel,
auto.39c2501f,All,
auto.39c9fcbd,Add Milestone,
auto.39e038b4,Actual Completion Date,
auto.39f5c7c0,Status,
auto.3a0eab03,Custom Components,
auto.3a0f1122,Role Name *,
auto.3a351213,Required columns:,
auto.3a485774,chart.min.js,
auto.3a53c041,Search (Code/Name),
auto.3a668973,"Unit Cost (for positive adjustment, optional)",
auto.3a6d78b7,Next Due,
auto.3a90106f,Total Assignments,
auto.3a9cf08d,Receive from Supplier,
auto.3ad2a408,In Progress,
auto.3ade180e,Currency (optional),
auto.3af2e600,Is Active,
auto.3af86145,Key *,
auto.3b23fb4d,Unit Cost,
auto.3b27e911,Sampling Size,
auto.3b3944dd,Status:,
auto.3b832132,All,
auto.3b896a54,0,
auto.3b92da1e,Due Date,
auto.3ba9435a,Locked Documents,
auto.3be2bf14,0%,
auto.3bf2de2d,User: Thomson Kale,
auto.3c057542,Summary,
auto.3c1dc0a5,Pending Signatures,
auto.3c39b116,0,
auto.3c4a182b,Document:,
auto.3c5f0791,Supply Chain,
auto.3c826983,0,
auto.3c8698fc,Intermediate,
auto.3c8f493b,Completed,
auto.3c9a85c5,Is Active,
auto.3ca72081,Start Time,
auto.3cb9d311,Assign Role,
auto.3cce5b0d,Checked Out By,
auto.3cd4edd9,Check In,
auto.3d0d327d,Home,
auto.3d27f688,MRP,
auto.3d2dac31,Product,
auto.3d33e23e,Name *,
auto.3d5d56ea,Planned Orders,
auto.3d674e0a,Scheduled,
auto.3d694d20,Import CSV,
auto.3d734d60,Random,
auto.3d779e53,Due Date,
auto.3d96a793,In Progress,
auto.3daf4ea6,Serial Number,
auto.3dc067f8,Close,
auto.3dc1ce42,Document Type,
auto.3de29c0f,Start New Run,
auto.3e00e790,Type,
auto.3e0c14ff,Supplier,
auto.3e14f751,Production Order,
auto.3e1ad4a0,Username,
auto.3e2ca243,Planned Orders,
auto.3e338078,Production Planning &amp; Control,
auto.3e3ae0c0,Project,
auto.3e421a88,Completed,
auto.3e6008a5,Currency Code,
auto.3e6ec4c8,The value must be a JSON array or a string. Use the builder to add key‑value pairs.,
auto.3e6f6ffe,Create Portal User,
auto.3e98ac55,Supply Chain Executive Dashboard,
auto.3ebd6175,Close,
auto.3ed77846,Total Roles,
auto.3edc3dba,All roles,
auto.3eecf348,Save Permissions,
auto.3ef6dce6,Archive,
auto.3f14d0ca,Overdue,
auto.3f1707d8,Equipment Details,
auto.3f27e41d,Home,
auto.3f2af93e,Export CSV,
auto.3f35d6bf,Check browser console (F12) for debug information,
auto.3f3c61f8,Send reminder for PO:,
auto.3f5868e1,External,
auto.3f76d505,Barcode / RFID Interface,
auto.3f88d277,Status,
auto.3fabf18c,Date From,
auto.3fb70733,-,
auto.3fc4a7a1,0,
auto.3fc61f95,Critical Only,
auto.3fcb879d,Document Type,
auto.3fd21e2e,Inactive,
auto.3fd4c96d,Name:,
auto.3fef1197,Drawing,
auto.3fffce2f,Workflow Step,
auto.4033151a,Apply,
auto.40432d15,Timestamp,
auto.404644aa,Defect Description,
auto.405d2ba2,Cancel,
auto.407bb4da,-,
auto.409081f8,Signature Status,
auto.40910d0e,Save User,
auto.4092c0bd,Date To,
auto.409dca01,Import CSV,
auto.40a1e468,Product *,
auto.40ddb164,Workflow,
auto.40e26cba,Actions,
auto.40f413a6,Create Quality Plan,
auto.41132f5d,Import,
auto.415affa9,Import CSV,
auto.415d04de,Customer (CompanyID),
auto.41705f2c,End Date,
auto.419d2225,Save,
auto.41d07236,Save,
auto.4213ded5,Test Modal,
auto.4226d1aa,Name,
auto.422f4ed1,Loading...,
auto.4244702c,Issue,
auto.426b11ca,- / - / -,
auto.426d1bca,Import Production Orders (CSV),
auto.42713a32,Cancel,
auto.42807d37,Detailed Financials,
auto.42888f10,Product,
auto.42b68892,KG,
auto.42bd8c8e,Completed,
auto.42d57ecc,All approvers,
auto.42dd7f7e,Actions,
auto.42f9273e,0 / 0,
auto.42f9892c,Manage Additional Attributes,
auto.4306d30d,Closed,
auto.43121d91,Product Filter (contains),
auto.43344fc2,Login Background Image,
auto.43930f21,Cancel,
auto.439afe89,Save,
auto.439f0985,Loading...,
auto.43a7fa6f,Status,
auto.43d7d2ce,Work Center,
auto.43e670d1,Role,
auto.43fadd82,Status,
auto.44032426,Login,
auto.44285a0e,On Time,
auto.443e85d2,Run ID,
auto.4456dbe7,Attachments,
auto.448d6a05,Equipment ID,
auto.4494ce42,Last Modified:,
auto.44bc38fc,Loading...,
auto.44cc8cc4,Certificate Required,
auto.44d38026,Specification,
auto.44d3e1c2,Home,
auto.4533fc9d,Dates,
auto.45394889,PO#,
auto.453f31f4,Status,
auto.456907b7,Export CSV,
auto.459acf20,All,
auto.45c308ab,-,
auto.45c61154,Reject,
auto.45cfd991,Supplier,
auto.45f34b83,Date To,
auto.460901a0,Actions,
auto.4615671b,Pending,
auto.46171f5a,Actions,
auto.462f6d35,Document Library,
auto.464691e6,Send,
auto.4659a236,Each Batch,
auto.46636a33,Export CSV,
auto.4666b31b,Required Documents,
auto.467d5021,Completed,
auto.467f935b,Templates Using This Operation,
auto.468ba51f,Add Custom Component,
auto.46a62ab1,Loading...,
auto.46b9fe25,Shop Floor Control,
auto.46dc2d1a,Status,
auto.46e8b15d,Maintenance Type,
auto.471078be,Export CSV,
auto.47215d1f,MRP Run Dashboard,
auto.472d1973,Check In,
auto.474660de,Loading...,
auto.4776a4b3,Cancel,
auto.47882925,Actions,
auto.479f33b9,Apply,
auto.47a22362,-,
auto.47c7a419,All,
auto.47e548f1,Loading...,
auto.47eac310,Welcome &amp; Terms,
auto.47edbe06,Save,
auto.48113aa0,Effective Date,
auto.48302f4d,Simulation Results,
auto.483b9164,Custom Specification,
auto.4843cce0,All,
auto.48452451,Major,
auto.484a50ff,Import/Export,
auto.48674315,Quality Dashboard,
auto.48787e63,Minor,
auto.489ababf,Description / Action Plan *,
auto.48a4cf2d,Standard Cost,
auto.48b47ad2,Partially Received,
auto.48cf8cf5,Save,
auto.48eea064,Reports,
auto.4905dab9,Send Reminder,
auto.491df81d,Notes,
auto.4953798f,Planning Horizon (days),
auto.497b21bf,Drawing,
auto.4991f4c7,Production Order,
auto.49a6b069,Start Date,
auto.49b95f0e,Equipment Name,
auto.49d72497,Apply,
auto.49f74120,Cancel,
auto.4a3f07df,Value,
auto.4a4db0c2,Supplier Inspection Portal,
auto.4a66447f,-,
auto.4a680eb1,Description:,
auto.4a7e8b00,File *,
auto.4a7eff66,Target Date (YYYYMMDD),
auto.4a8b754c,Loading...,
auto.4a914afe,Back to List,
auto.4a94473c,Date Key,
auto.4ad11862,Actions,
auto.4ae309db,Supplier NCRs,
auto.4ae94fe8,Logistics,
auto.4b19844f,Update Financials,
auto.4b226f77,Drawing,
auto.4b38f4fa,BOM Status,
auto.4b43e731,Select Template,
auto.4b49258a,Save,
auto.4b737f6c,Drawing,
auto.4b8bbaf4,Export CSV,
auto.4b9894f2,Rev,
auto.4b9d67eb,Last Maintenance,
auto.4bc2f6fd,Expiry Date Key,
auto.4bcf84ed,Scrap,
auto.4be435ef,All,
auto.4be83452,Cancel,
auto.4bf3a7ea,Cancel,
auto.4c030562,Leak,
auto.4c0b1a5d,All,
auto.4c61cec3,Loading...,
auto.4c6bc271,Engineering Documents,
auto.4c7b093e,Due Date,
auto.4c8c5795,← Back to Dashboard,
auto.4c9d868d,Cancel,
auto.4ca8a4e2,"Relative path to image (e.g., uploads/bg.jpg)",
auto.4cb0218b,Cancel,
auto.4cb364e4,Serial Number,
auto.4cbea198,Capacity (units),
auto.4ccebe4f,Serial Numbers,
auto.4ce54677,Available Documents,
auto.4cedde00,Active Operations,
auto.4d288409,Purchase Receipt,
auto.4d2e577e,Only for specific products,
auto.4d44a63e,Sampling Frequency,
auto.4d488535,% Complete,
auto.4d7b90d8,-,
auto.4d83d909,Export CSV,
auto.4d9b99e7,Sequence *,
auto.4ded8168,Cancelled,
auto.4e05e34a,Document Number,
auto.4e11d493,Available,
auto.4e1267e1,Production Order,
auto.4e23cc6c,Action,
auto.4e26d97d,Work Instruction,
auto.4e493b65,Cancel,
auto.4e7795a7,Active,
auto.4e7a1588,Loading...,
auto.4edbc2e0,Order Date To,
auto.4f01c420,Shared Documents,
auto.4f027e07,Create,
auto.4f18476f,Product,
auto.4f419902,Key,
auto.4f5e7eb7,Approved By,
auto.4f796278,Cancel,
auto.4f7bac15,Scenario Comparison,
auto.4fbe5542,Welcome Message,
auto.4fce03f6,All,
auto.4fee2021,Draft,
auto.4ffa9b00,Serial Number Registry,
auto.4ffd7a41,Type,
auto.504bcea2,Revision,
auto.5066df0a,Start Date,
auto.50856e42,Add Shift / Extra Capacity,
auto.50aea389,Select internal project...,
auto.50bdd127,Import CSV,
auto.50c4a9aa,Quality Rating (0-100),
auto.50c54dcd,Minor,
auto.50d408b9,Work Instruction,
auto.50e2de85,Alternative Component (Product ID),
auto.50f6bc9a,Source,
auto.51018c9b,0,
auto.511cae74,NCR #,
auto.512df401,Compare Selected,
auto.513047c3,On Hand,
auto.51517689,0,
auto.515b3988,Report Downtime,
auto.515bd81c,Raw Material,
auto.5167b423,Select role,
auto.51b52326,General,
auto.51c6cedb,Tag Range,
auto.51ce12cb,Delete,
auto.51e4c3ed,Move Time (hrs),
auto.5206fa0d,Responsible,
auto.520bbd04,Click Run Valuation to generate report,
auto.5234105e,All,
auto.5234d3e7,Auditor,
auto.524eea79,Entity,
auto.52713fd7,Responsible,
auto.52b1d11b,Export CSV,
auto.52d7340a,SalesOrder,
auto.52e54599,Title *,
auto.52f0b06c,Project,
auto.53341a22,Import CSV,
auto.535e1cf9,Overdue Receipts,
auto.53619e88,Assigned To,
auto.536b6d95,Role *,
auto.5393054c,End Date,
auto.53967572,Loading...,
auto.539ac647,Type,
auto.53a7cbeb,Self Inspection,
auto.53b6215b,Loading...,
auto.53b8de48,Due Date To,
auto.53dd3345,Current Active Job,
auto.53e8a8c7,+ Add Product,
auto.53f3199c,Company Name,
auto.53f415ee,0,
auto.540e68e8,Title,
auto.54288048,Loading...,
auto.54592d86,Sales Order ID,
auto.547448f0,Actions,
auto.548c4ff1,Role (assignee),
auto.54abd592,Date,
auto.54c23fb9,Use same structure as role permissions. Leave empty to remove exception.,
auto.54c83ec1,Overdue Tasks,
auto.54caa337,{,
auto.54d2a511,Check Out Document,
auto.54ec25cf,Role,
auto.54fdc354,Cancel,
auto.55071313,Critical,
auto.550f7c08,Warehouse,
auto.55187d1c,0 assignments,
auto.551b891c,Workflow Status,
auto.55417f87,Loading...,
auto.5544636b,Date To,
auto.5551f890,Open,
auto.557eba91,📂 Import CSV,
auto.55cb8979,Checked By,
auto.55ddd7de,Import CSV,
auto.55e09c19,Closed,
auto.55f30b27,Component (ID),
auto.5616d29d,Clear Filters,
auto.5633d100,Active only,
auto.563703ad,avg defects per unit,
auto.56506ed5,Warehouse Management,
auto.56780f75,Calibration Required,
auto.5691d06d,0,
auto.5691f97c,Cancel,
auto.56932a8a,Transaction History,
auto.569dcd65,Date From,
auto.56cd0826,Quantity Affected,
auto.56d15ad1,Template Name,
auto.5717f66b,Supplier,
auto.572d5445,Close,
auto.573f6f59,Product,
auto.576321db,Supply Chain,
auto.5765422e,Dimensional,
auto.578c2b3a,Cancel,
auto.57a7bdcc,0,
auto.57ca5da3,Home,
auto.57d8f5be,All,
auto.580a9d04,Loading......,
auto.58209e07,Inspection,
auto.5832cba6,Required,
auto.5836e2d3,Update Financials,
auto.58625eab,Shared Documents Portal,
auto.586d15dc,Link Internal Project,
auto.58916454,Home,
auto.58954620,Import CSV,
auto.589afe71,Name,
auto.58bb8a3c,Status,
auto.58c8a504,All Types,
auto.58d19608,Status,
auto.58eb278c,Supplier NCR,
auto.591f8c6e,Due Date,
auto.593402bb,All,
auto.593ec216,All,
auto.59564f34,Approved?,
auto.596a486b,0,
auto.59779a4c,Description,
auto.597c06b9,+ Add Warehouse,
auto.59a5e0c7,Rev,
auto.59aa353e,All,
auto.59b3f93e,Home,
auto.59cb865c,Open,
auto.59d12caf,No steps defined,
auto.59e37c1e,Sales Order,
auto.59e7680a,Add Condition,
auto.5a041ba6,Remember me,
auto.5a058735,Entity Permissions,
auto.5a5d6c93,In Process Batches,
auto.5a606961,Min Rating,
auto.5a627ae7,-,
auto.5aac092f,Doc Number,
auto.5aadfcec,NCR Register,
auto.5ab51297,Signature,
auto.5ab72113,Next Due From (YYYY-MM-DD),
auto.5abcf79b,0,
auto.5abe1d43,Date,
auto.5ae8b163,Export CSV,
auto.5aeb1132,Logo,
auto.5af029f3,Purchase Orders for Inspection,
auto.5b0d4dd8,Sample,
auto.5b40c1fe,Company *,
auto.5b8e4727,Loading...&lt;\/td&gt;,
auto.5ba106e1,Title *,
auto.5bb8b643,Due Date,
auto.5bc30754,Accepted,
auto.5bc64c3d,Export CSV,
auto.5bd50391,Status,
auto.5be2fc90,← Back to Dashboard,
auto.5be3c16f,Total Value,
auto.5bf37eff,Apply Filters,
auto.5c0c33e2,User Permission Exception,
auto.5c426fb3,Status,
auto.5c45a087,Title,
auto.5c75e2f2,Operation,
auto.5c94c4ea,Sample,
auto.5cb5c41f,Active,
auto.5cc38969,Tracking Number,
auto.5cd3f0a2,Operation:,
auto.5cda4dab,Available Documents,
auto.5cdf5df0,Upload Document,
auto.5d21a568,Specification,
auto.5d21ab47,Due Date,
auto.5d347749,Quantity,
auto.5d362be4,Add Equipment,
auto.5d564c90,Quantity,
auto.5d5e48d6,Exceptions,
auto.5d63914e,Cancel,
auto.5d819000,Apply,
auto.5d8b3fe7,Your Email,
auto.5d8f1545,Weight,
auto.5da254c7,Severity,
auto.5db933d1,Open,
auto.5dede9cb,All,
auto.5df0025b,Phone,
auto.5df98e90,0,
auto.5e04abb5,Home,
auto.5e1d6f82,Open / Download,
auto.5e1e8c6b,0,
auto.5e33c307,Project,
auto.5e3efe9b,Save,
auto.5e47e2cc,Add Key,
auto.5e4db062,Clear Filters,
auto.5e68796c,All Projects,
auto.5e95bc35,Send NCR to Supplier,
auto.5ea813ef,Category,
auto.5eb0beb5,Loading users...,
auto.5eb3bece,All,
auto.5ec870d5,0,
auto.5ee9ecc1,0,
auto.5f14d876,Downtime Today,
auto.5f1adf9d,Cancel,
auto.5f4821dd,Only if the entity,
auto.5f698c19,Revision,
auto.5f8a35a1,Refresh,
auto.5f8f7097,Completed,
auto.5f91d8c2,Delivery Rating (0-100),
auto.5f956dd0,Service Orders,
auto.5f95d7ce,Stock Overview,
auto.5fb4ddd3,Product,
auto.5fcefb3f,Unit Cost,
auto.5fd4b476,Check Out Document,
auto.5fd67995,Add Work Center,
auto.5ff0c320,Transaction Type,
auto.60390023,Select project,
auto.604b4bad,0,
auto.607270db,Pressure,
auto.60866d2d,All,
auto.6099136e,Loading...,
auto.60a439e1,Sign Off,
auto.60d5ab46,Assign Role,
auto.60e4ca42,Service Orders,
auto.60edb271,Select role,
auto.60f5629b,Source *,
auto.6116c067,Project ID,
auto.6119cc42,Status,
auto.6127cb53,Obsolete Date,
auto.614155d4,All,
auto.6142939b,File:,
auto.617a0285,Loading...,
auto.61a30d03,Please contact system administrator for future enhancement.,
auto.61d10c66,Delete,
auto.61fa1bd1,Document #,
auto.623f0d0f,All Projects,
auto.62a59b5a,Product,
auto.62aec700,Packed,
auto.62c9ede3,Running,
auto.62d78dca,Pending,
auto.63a1ee44,Type,
auto.63c3c233,+ Add Parameter,
auto.63c7f32c,All,
auto.63d4c0e7,Sales &gt; Customers Management,
auto.63dbc379,Status,
auto.63e1fcc6,Back to List,
auto.63ede13a,Close,
auto.63efda13,Supplier,
auto.63f18067,Document:,
auto.63fe59a7,Subcontract Dashboard,
auto.640c50b5,Status,
auto.64427bd4,Result,
auto.644695f3,Customer Projects,
auto.644cef5e,Workflow Step,
auto.6468d52e,Overloaded Centers,
auto.646e3fd5,0,
auto.648f25f4,Manufacturing,
auto.64970d2d,All categories,
auto.64bde848,Win/Loss Reason,
auto.64d943b2,Document,
auto.64de9d7b,Scenario List,
auto.6509a0b8,Notes,
auto.6517c80d,in,
auto.654110c2,Budget Util.,
auto.654765d9,Code *,
auto.6553e254,Adjust Stock,
auto.656657e2,Loading...&lt;\/td&gt;,
auto.65833114,0,
auto.6593262a,Permissions (JSON),
auto.659b4d6f,Cancel,
auto.65a3b26d,Close,
auto.65b2dfb8,Product,
auto.65e0a640,Status,
auto.65ec28f4,Sampling Size,
auto.65f08546,Checked Out,
auto.6617ec4c,Work Instruction,
auto.662b1ebb,Loading orders...,
auto.663a605a,0,
auto.66460c27,Loading...,
auto.664782e7,Create New,
auto.66485857,Users by Role,
auto.665657d1,Pending,
auto.666d1ff6,Refresh,
auto.66722fb5,New Password (min 6),
auto.668542f2,All,
auto.66892d28,Add Product,
auto.668efb36,Value:,
auto.66ac0667,Failed,
auto.66c74d7b,New,
auto.6706a148,Total Milestones,
auto.6719811e,Loading operations...,
auto.671c9c3d,Plan Audit,
auto.672d3b88,Export CSV,
auto.6739bcc2,Workflow Code *,
auto.6742d47c,📎 Export CSV,
auto.674ee12e,Apply Filters,
auto.675d1696,"Quantity (+ increase, - decrease) *",
auto.676e0893,Delete,
auto.678b4e2e,Production Order,
auto.678d6a67,-,
auto.67935b0b,0,
auto.67940adb,Add Routing Step,
auto.67e1f713,Loading...,
auto.67ee57e8,CAPA Management,
auto.680767ae,Description,
auto.683cef31,New Password (min. 6 characters),
auto.6855b6ab,Cancel,
auto.68561f7e,All,
auto.68578152,Assigned To,
auto.6883ee0f,-,
auto.68b3ca42,Cancel,
auto.68cea708,Serial Number,
auto.6928e75f,Create New,
auto.6930fb06,Loading...,
auto.6935b824,Product *,
auto.693e0562,Upload New Revision (optional),
auto.6964fbd0,Cancel,
auto.69679fea,Work Center,
auto.6969f0aa,Only if priority equals ,
auto.6974f9ef,Due Date From,
auto.69829cff,{,
auto.69841549,Only for certain departments,
auto.69874c4d,Code,
auto.69b8c8de,Warranty,
auto.69c16c22,In Progress,
auto.69dfd205,Operation,
auto.69f53f94,Save,
auto.6a0d2eb8,All Suppliers,
auto.6a16cd70,Product *,
auto.6a2b0343,Cancel,
auto.6a37190e,PO#,
auto.6a3a24a4,0 items selected,
auto.6a542057,Category,
auto.6a6c59c9,Select template to copy,
auto.6a6f279e,Batch #,
auto.6a87225d,Order Type,
auto.6a918f6e,Save Plan,
auto.6aa77543,Date,
auto.6ac007db,MRP,
auto.6ac56767,Your Email,
auto.6ae47fb2,Corrective,
auto.6b0e21ef,Active Sessions,
auto.6b6f893c,Archived,
auto.6b773567,Notes,
auto.6b8d3eb7,Source,
auto.6b8deec8,Select,
auto.6b924c4c,Name,
auto.6bbeb643,Sampling Size,
auto.6bc6133b,Serial Numbers,
auto.6bd2f4ce,Visual OK?,
auto.6be115a7,Export CSV,
auto.6bf174ba,Assigned Workflow Tasks,
auto.6c1b287e,All,
auto.6c1beeb4,Apply,
auto.6c1d067c,"Define which projects, products, customers, or other entities this workflow applies to.",
auto.6c2f6c84,Document Register &amp; Workflow,
auto.6c3260c0,Skill Level,
auto.6c449e97,Actions,
auto.6c45ce3f,Currency,
auto.6c76c7b4,Delete,
auto.6c9b169a,Yearly,
auto.6ca9b16e,Cancel,
auto.6cdef726,All,
auto.6ce7dc37,0,
auto.6cfbb0d9,Cancel,
auto.6d05fe2c,Product,
auto.6d29cf2a,Documents,
auto.6d3d5dbb,Employee ID,
auto.6d41d234,Severity,
auto.6d4581cd,Date,
auto.6d4b1793,Save All,
auto.6d62c4ae,Submit for Approval,
auto.6d6909f6,Last Calibration Date (YYYY-MM-DD),
auto.6d6ba97d,Select company,
auto.6d74f9a4,Cancel,
auto.6d7d01cc,Import,
auto.6d9581e4,Search,
auto.6de0ed09,Request Access,
auto.6dec0dfc,Operation,
auto.6e0bb7b4,Planned Orders,
auto.6e0da992,Close,
auto.6e1aac43,Inspection Workbench,
auto.6e392572,Description,
auto.6e443b78,Product,
auto.6e5c7b5c,Quantity,
auto.6e9d69f3,In Progress,
auto.6ece66a3,0,
auto.6ede8a36,Generate,
auto.6ee55931,-,
auto.6ee820ce,Location,
auto.6efc1668,Repair,
auto.6f171aa7,First of Batch,
auto.6f360e11,Average Overall Rating,
auto.6f4e3e14,Alternative,
auto.6f4e58b2,Type *,
auto.6f5469b9,Refresh,
auto.6f6fae4b,Handover Status,
auto.6f924ecd,Version,
auto.6f98fd49,Utilisation,
auto.6f9ce48c,Product,
auto.6fbfcdca,Save,
auto.6fc044ca,Status,
auto.6ff9b4bb,All,
auto.702a76ec,All,
auto.7047f6bd,Import,
auto.704c4bf2,Warranty Status,
auto.705b8a4f,Raw Material,
auto.706dacc6,0,
auto.70723c2b,0,
auto.70a4c606,Create Customer Project,
auto.70a66ae3,Next Due Date (YYYY-MM-DD),
auto.70a99794,Skill Level,
auto.70b46dfc,Search,
auto.70d095b6,In Process Inspection,
auto.70e2cee3,Cancelled,
auto.70f144a1,Order Date,
auto.70fb97a9,Quality Management,
auto.71132d07,Cancel,
auto.711c5d61,Submit ,
auto.71372ae0,Notes,
auto.7146d0c5,No data,
auto.716c1c7c,Defect Register,
auto.71918af0,All,
auto.71b48000,Order Type,
auto.71c9c947,Cancel,
auto.72137d0c,Are you sure you want to close this NCR?,
auto.721a02d5,Loading...,
auto.72333559,Export CSV,
auto.723d8155,0,
auto.723ecd23,Show only locked documents,
auto.72659ac2,Financial Summary,
auto.72674587,Customers Management,
auto.729265d4,Name *,
auto.729a62bd,Apply Filters,
auto.72a7b7b4,0,
auto.72a801e2,Verify &amp; Close,
auto.72b24994,Home,
auto.72b30174,Loading...,
auto.72b3243c,Engineering,
auto.72e3f85b,Actions,
auto.72ef1267,Pending My Approval,
auto.72f0edf8,Products,
auto.72fdaf83,All,
auto.72fdd9e8,Project ID (optional),
auto.730b419d,Cancel,
auto.7322f4f4,Calibration,
auto.735c16de,Roles,
auto.735e037d,Save Workflow,
auto.736e2208,This will mark the action as Completed.,
auto.7376aa79,Completed,
auto.73837e16,InProgress,
auto.73d00357,Create Purchase Order,
auto.73d518f5,Compare Inspection Results,
auto.73efd912,Warranty (min months),
auto.740e81f8,Record Downtime,
auto.74303f2d,Audit Log,
auto.7432f865,Date From,
auto.74581c62,Work Center,
auto.747af6ce,-,
auto.747edf99,Completion Date,
auto.748da47e,Archive,
auto.74a582a4,All,
auto.74d31697,Manager:,
auto.74f9ec82,Clear,
auto.7507bf5f,Status,
auto.752d5db1,Rev,
auto.7542cefd,Import CSV,
auto.754f7107,Planned Orders List,
auto.7576d694,Active,
auto.757cf829,Critical / Major / Minor,
auto.7580d049,Send Link,
auto.75a800cf,Edit Order:,
auto.75be407c,Total Units Inspected:,
auto.75d2872e,Status,
auto.75db77ab,Operation Code,
auto.76105df1,Manufacturing,
auto.76231756,Shipment Date,
auto.76360de6,0,
auto.763a19c2,All,
auto.76601cc0,Released,
auto.767a9e08,📎 Export CSV,
auto.767ff124,Cancel,
auto.76b3fc85,Any approver,
auto.76b7f369,0,
auto.76c7ee93,Spec Min/Max,
auto.76efc24a,Generate Certificate,
auto.76f0bd31,Assign Quality Plan,
auto.76ffabc9,Hold Ctrl to select multiple serials,
auto.771fe685,Actions,
auto.7728151e,Close,
auto.772ac5b0,Supplier,
auto.77365531,Roles (from t_Roles),
auto.773e48fa,0,
auto.7742fc87,Import Work Centers CSV,
auto.77590fc4,0,
auto.778df507,Actions,
auto.779f3dbb,Expiry Date (YYYYMMDD),
auto.77aceab6,Loading...,
auto.77b7b309,Applicable To,
auto.77d19ef0,0,
auto.77ef4491,Subcontract Orders,
auto.77fb1189,EA,
auto.78309084,Status,
auto.785f086f,Warranty (max months),
auto.7878792b,User,
auto.7880978f,📂 Import CSV,
auto.78b046bd,All,
auto.78b0b11c,+ Create from Production Order,
auto.78d081d9,Complete,
auto.78fe222e,Issue Materials for Order,
auto.7940031b,ID,
auto.794b30b4,Start Date:,
auto.796669c7,Status,
auto.79760507,Confirm Receipt,
auto.797e7406,0,
auto.79c2d197,Save,
auto.79d360d8,Defects Per Unit,
auto.79dbe1ca,📂 Import CSV,
auto.79edd1a7,0,
auto.7a02aebe,Effectiveness Check (notes),
auto.7a1efe38,Unit Price,
auto.7a7ed282,Product,
auto.7a9f0103,Transfer Stock,
auto.7ad4386a,Delivered,
auto.7ad86ee3,Submitted,
auto.7b079f5d,Open Actions,
auto.7b1df258,Preventive Actions,
auto.7b282764,All,
auto.7b373716,"Code, Name, Category, Description, IsActive",
auto.7b61b9d0,Severity,
auto.7ba2501d,Engineering,
auto.7ba3b0cf,None,
auto.7baf7239,0,
auto.7bb6263d,Loading component summary...,
auto.7bc9bce0,Due Now,
auto.7bd90b67,Apply Filters,
auto.7bff91e5,Conditions,
auto.7c134c20,Milestone Prog.,
auto.7c162dc7,Root Cause Analysis &amp; CAPA,
auto.7c1ac420,Submit Inspection Results,
auto.7c568d6d,Loading...,
auto.7c70a256,Where‑Used Refs,
auto.7c8272e6,External,
auto.7cbb2b70,Action,
auto.7cc1abbb,Submit,
auto.7ce65f46,Action Type *,
auto.7cf69715,Start Date,
auto.7d0b9546,Warranty (months),
auto.7d154628,-,
auto.7d2e43b3,Apply,
auto.7d2ec623,Lines to Ship,
auto.7d46b25d,Equipment Maintenance,
auto.7d57f649,Add Rule,
auto.7d76c741,Save,
auto.7d88f52b,Total Products,
auto.7da1a63d,Project,
auto.7db24db4,Name,
auto.7dcedf71,Status,
auto.7ddcbc41,Warehouses,
auto.7df25bc3,Cancel,
auto.7df6add7,InProgress,
auto.7dff1bef,Order #,
auto.7e0be655,ECO History,
auto.7e1567e0,Due This Week,
auto.7e2352a1,0,
auto.7e30f26e,BOM created,
auto.7e524e72,Active Only,
auto.7e621820,Production Order,
auto.7e64472d,Submitted,
auto.7e6feb2e,Save RCA,
auto.7e7277b1,Allocation %,
auto.7e95b8e7,Upload &amp; Import,
auto.7ea066eb,Status,
auto.7eaf574b,Inventory Valuation,
auto.7ebea4ca,Product Family,
auto.7ee522f8,Location:,
auto.7ef44e1c,Import CSV,
auto.7f2b0cb1,Type,
auto.7f2fc742,Apply Adjustment,
auto.7f337bc1,Raise New NCR,
auto.7f3db579,Events Today,
auto.7f8812bf,Due Date,
auto.7f9bd8c9,Export CSV,
auto.7fe89552,Defect Code,
auto.8017713e,0,
auto.801ee5e6,PO#,
auto.80449638,Due Date From,
auto.804da5b1,Quality Rating,
auto.805aed33,Manufacturing,
auto.8078b35e,Close,
auto.80abeb38,📊 Project Portfolio,
auto.80af3ec8,Total Runs,
auto.80fcfc12,Visual,
auto.80fdd45a,Low Severity,
auto.811a28e7,Cancel,
auto.811a3fac,Actions,
auto.8148466c,Yes,
auto.81552a41,0,
auto.819894eb,Hours,
auto.81a2a162,{,
auto.81bf12c4,0,
auto.81c47d61,All,
auto.81d247e0,Production Orders,
auto.81d498b5,Document Type,
auto.81dd4d6f,Code,
auto.821a5a0d,Cancel,
auto.82296c9c,Cancel,
auto.823bc079,All,
auto.824e5a17,Close,
auto.82670858,*% across active allocations,
auto.826799a2,Completed,
auto.82a07d29,Purchasing,
auto.82c63dcc,Effective Date Key,
auto.82c7f8cb,Supplier,
auto.82d04c3b,Dimension A (mm),
auto.82ef12a0,Confirm Issue,
auto.82ff1ae1,Actions,
auto.83333b47,Send Request,
auto.83384f3d,Checked Out Documents,
auto.833ed339,Actions,
auto.83564a61,Inspection Operations,
auto.836801e4,Loading...&lt;\/td&gt;,
auto.836acb13,Minor,
auto.8372edf2,All,
auto.838c388c,Inspection Batches,
auto.8391ee20,Scans Today,
auto.83a25e84,Released,
auto.83b3dc46,Supplier,
auto.83c0df1c,Name,
auto.83c13788,Manufacturing,
auto.83e1ae91,RADMAN PJSCO,
auto.83f8c65d,Inspector,
auto.840f5e9b,Closed,
auto.841105a7,All Projects,
auto.843e763b,Work Center *,
auto.8454be40,All,
auto.845f7dcc,All,
auto.848c6d98,Status,
auto.84bc4e1e,Status,
auto.84bed7e5,Quantity,
auto.84dff5e6,Projects,
auto.84e6cc75,Effective Date (YYYYMMDD),
auto.84e6fe64,0,
auto.85304408,Draft,
auto.855c571e,Plan Name *,
auto.85689f6a,Comments,
auto.8572ea83,Project Manager,
auto.85d2048f,Production Schedule (Gantt),
auto.85dd8e86,Permissions Matrix,
auto.85f2d634,Active only,
auto.85fd36d2,Open Orders,
auto.85ff0b1d,Where-Used,
auto.861ca2f7,Condition Examples,
auto.862904a5,Supplier Category,
auto.864d2c1d,Unit Price (per item),
auto.86574e77,🇬🇧 EN,
auto.865a6c41,2 - Medium,
auto.866b414f,Budget,
auto.867d8769,Closed,
auto.8680e7b7,Cancel,
auto.868a259b,Check Out,
auto.86a6ca09,Status,
auto.86a89a2a,All,
auto.86d1b8ae,Status,
auto.86e38131,Engineering,
auto.870b868a,User *,
auto.87149a0b,Category,
auto.873bb62a,Create CAPA Action,
auto.87778c0f,0,
auto.8789ef98,Status,
auto.87b4a36b,Engineering Documents,
auto.87f2ad93,Capacity (hrs/day),
auto.8812643f,Sent,
auto.883f2c64,Order ID,
auto.88521674,Dimensional,
auto.88e32b7c,Sent,
auto.8908ab97,Internal,
auto.891eeafc,- / - / -,
auto.8926319a,Manufactured,
auto.893ff4b6,Apply,
auto.89421cf1,Receive Against PO,
auto.895811cd,Create Action,
auto.89788c6c,-,
auto.89a3895d,Duration (s),
auto.89c9190d,Report Defect,
auto.89fe86d1,Delete,
auto.8a018405,Active,
auto.8a06417b,Doc Status,
auto.8a064417,Add,
auto.8a2f93ca,Active only,
auto.8a319329,Checked Out Date,
auto.8a326efa,All Projects,
auto.8a91fe84,Utilisation,
auto.8a9dcb92,Add Shift,
auto.8aa07acc,Apply,
auto.8aabf1cb,Decide on ,
auto.8ac2d233,Cancel,
auto.8aeeb494,Standard Cost,
auto.8b265f58,Shipment#,
auto.8b44a82c,Cancel,
auto.8b508ae9,All,
auto.8b6a5ef2,Inspection &amp; Test Equipment,
auto.8b75f6c2,Status,
auto.8b764319,0,
auto.8b87da60,0,
auto.8ba546aa,Run Date,
auto.8bc62c2c,Add Equipment,
auto.8beed1ed,Preventive,
auto.8c1260f8,In Progress,
auto.8c2ab1db,Active,
auto.8c5e070f,0,
auto.8c7a22b1,Customer Projects,
auto.8c7be2ab,All,
auto.8c804cc4,Save Assignment,
auto.8c81ec6b,Grant Entity Permission,
auto.8c88fed7,Status,
auto.8c8c34eb,Supply Chain,
auto.8c9e64dd,Search (code or name),
auto.8cc2325d,Date From,
auto.8ccdfb0f,0,
auto.8cd9b736,Actions,
auto.8cf3223d,Purchase Order Number (optional),
auto.8d05689b,Company:,
auto.8d0b8f07,+ Create Project,
auto.8d198eed,+ Assign Resource,
auto.8d1d1728,Save,
auto.8d2a0319,Apply,
auto.8d41481e,Operation Sequence *,
auto.8d41f593,Purchase Orders,
auto.8d53f096,New End Date,
auto.8d601cf9,Loading configurations...,
auto.8d8347c2,Effectivity:,
auto.8d85c3c3,Pending Approval,
auto.8d8ca004,Closed,
auto.8d901142,Shipped,
auto.8da73404,Due Date (YYYYMMDD),
auto.8dd341f4,Responded,
auto.8de214f1,Work Center,
auto.8df8abb4,Select product...,
auto.8e1a92ba,"Action Taken (e.g., repair, replace, raise NCR)",
auto.8e245955,Status,
auto.8e3343f0,Effectivity Date,
auto.8e43c2dd,Cancel,
auto.8e70697e,Select user,
auto.8e7dbe68,Planning Horizon (days),
auto.8e96b690,Required,
auto.8ea20902,WIP,
auto.8eb17fd1,Engineering,
auto.8ec0c464,Carrier (manual),
auto.8ec9aabf,Username *,
auto.8ed0468f,Severity,
auto.8ee35866,Quality Trends (Monthly),
auto.8f37dbdb,Audit Type,
auto.8f469347,Project Roles &amp; Permissions,
auto.8f61bcab,Received Quantity,
auto.8fa03140,Status,
auto.8fa4d715,Assigned To,
auto.8faee323,All Types,
auto.902e24b6,Night,
auto.90431dbc,Project Name *,
auto.904693ca,Expedite Request,
auto.904e8cbc,All,
auto.9058ad3a,Reset,
auto.9090b148,Finished Goods,
auto.9090b844,Project ID,
auto.90912ee6,Pending Batches,
auto.90b5fd94,Date Key,
auto.90c10fab,Pending Batches,
auto.90e18a98,Responsible Person,
auto.90e2c3eb,Audit #,
auto.90f0542d,Source,
auto.90f9031d,Audit Type,
auto.9102d372,Code,
auto.9112a695,Reject,
auto.9116dbe1,All,
auto.911c80a5,Refresh,
auto.91238bcc,Add User,
auto.913c415d,Active Workflows,
auto.91411395,Username,
auto.9168754c,UOM,
auto.916f8d64,Description (English),
auto.9183105c,Product,
auto.91b4bf7f,0,
auto.91c1de0f,Internal Steps,
auto.91c46a1d,PO#,
auto.91e679c5,Import,
auto.91e7876c,Actions,
auto.922897eb,Preventive,
auto.922dcb88,Loading...,
auto.923feade,Export CSV,
auto.92450238,Must change password at next login,
auto.926d6aab,User,
auto.929d5bb0,New Status,
auto.92d4fe86,Report Quantity,
auto.930c19cc,Draft,
auto.931c2f95,Cancel,
auto.93220c09,Users with Exceptions,
auto.9324875d,Category,
auto.936eb41c,Edit Steps:,
auto.9372f4b3,Name:,
auto.9374c3c1,Severity,
auto.939326ec,Inventory Valuation,
auto.93eda704,Cancel,
auto.93f1394d,Refresh,
auto.93f848df,GBP,
auto.9430e17a,0,
auto.943bb5b8,Generate serial numbers,
auto.9440f434,Status,
auto.9450e242,Failed,
auto.946f9b7b,Status,
auto.9492096b,Location,
auto.94951d34,Expiry Date,
auto.9495e93b,Eng Version,
auto.949e8e1a,Department,
auto.94a95cac,Status,
auto.94b040c0,Module *,
auto.94c59a78,InProgress,
auto.94cc22ed,Budget:,
auto.94e98d97,Completed,
auto.94f8218a,📂 Import CSV,
auto.9528d825,Start,
auto.9531b015,Signed,
auto.95794290,Inactive,
auto.95837969,Finalized Engineering Items,
auto.95a9cb48,Home,
auto.95b03dc2,Shipments,
auto.95b5cdf0,Apply,
auto.95b5f622,Product,
auto.95c17294,All,
auto.95df4a0f,Completed,
auto.95fda5fe,0,
auto.960ee3d4,Password,
auto.961fa224,This is a Bootstrap 5 modal test.,
auto.9647d4ef,Pass,
auto.966885ec,External Users (Portal),
auto.96709c3f,Customer Project ID *,
auto.968545de,Quality,
auto.96858680,Document:,
auto.96914001,Actions,
auto.96a81587,Pending Activations,
auto.96eb9cf9,Pending Approval,
auto.974c6e1b,Purchased,
auto.975ae67c,Issued So Far,
auto.978ec075,Created Date,
auto.97a537eb,Reset Password,
auto.97b7779f,Refresh,
auto.97c04b45,Company,
auto.97d3428a,No data,
auto.97e11ebe,Open,
auto.97e24d9a,Raise NCR,
auto.97e8b863,"Yes, Complete",
auto.98107b7c,Save All Results,
auto.9812aa1b,Suppliers,
auto.98208b50,Root Cause,
auto.982e31e3,All,
auto.982f184b,Warehouse,
auto.9846a1a9,Skill Level,
auto.98605ec7,Export CSV,
auto.9868a124,Pressure,
auto.9870d9f4,External,
auto.988079a0,Status,
auto.9884a606,Status,
auto.98d00b7a,Last Modified,
auto.98ea8ce3,0,
auto.98f8b4d5,Refresh,
auto.9923a5b2,Quality Control Operations,
auto.9927836c,Batch Sign Off,
auto.993484e5,Project,
auto.9943c75f,Refresh,
auto.99d02254,Signature Audit Log,
auto.99e7375c,Actions,
auto.99eac220,Template Name *,
auto.99f00ff6,Import Document Types CSV,
auto.9a320737,0%,
auto.9a4842f8,Due Date To,
auto.9a4d78f6,Purchase,
auto.9a556758,Assign,
auto.9a796a05,Try adjusting your filters or create a new assignment.,
auto.9ad10104,Source Type *,
auto.9adf656c,Apply Filters,
auto.9aefdc0a,Due Date From,
auto.9af5463c,Add Warehouse,
auto.9b060745,Out of Tolerance Action,
auto.9b110225,Document:,
auto.9b12a1bf,All Roles,
auto.9b3982e6,Stock Records,
auto.9b4d6566,Record ID,
auto.9b4f7920,Overdue,
auto.9b598f0e,Configuration Parameters,
auto.9b661c12,0,
auto.9b93e1aa,Specification,
auto.9b95da26,Warehouse,
auto.9b989c24,Adjust Standard Cost,
auto.9b9ef726,Active Jobs,
auto.9be35cc7,0,
auto.9bfb0bac,Status:,
auto.9c0215b7,Actions,
auto.9c081e10,Afternoon,
auto.9c1fc21d,Create What-If Scenario,
auto.9c2d757a,Action,
auto.9c336e9e,Loading...,
auto.9c4985e3,Username or Email,
auto.9c64efa0,Queue Time (hrs),
auto.9c68dd13,Select User,
auto.9c69b8c1,Upload New Revision (optional),
auto.9c6decf7,Standard Cost,
auto.9c79d8e1,Project *,
auto.9c7b7574,Import,
auto.9c924ff4,Refresh,
auto.9cabf07c,View Quality Plan,
auto.9cb06d36,Address,
auto.9cbf6816,Quantity *,
auto.9ce8e6b0,Scheduled,
auto.9cf8c2b3,👥 Resource Allocation,
auto.9d0106ea,0%,
auto.9d12795b,0,
auto.9d19df57,Inventory,
auto.9d1a701d,Basic,
auto.9d431989,Remember me,
auto.9d462014,Cancel,
auto.9d53ba47,Select a run to view orders,
auto.9d6df90b,Draft,
auto.9d72ed05,+ Add Milestone,
auto.9da15286,Next Due,
auto.9daacbfd,Are you sure you want to archive this operation? It will no longer appear in active lists.,
auto.9dac341c,Password (new user only),
auto.9dafa0c2,← Back to Dashboard,
auto.9ddb2428,Copy from existing template,
auto.9df4b9f5,Total Batches:,
auto.9e15dfd9,Work Centers,
auto.9e3bf5e3,Draft,
auto.9e50363a,Save,
auto.9e585c6b,Products Created,
auto.9e5bae31,Description,
auto.9edccce1,-,
auto.9eeee17c,Report Defect,
auto.9ef010f0,Start Job,
auto.9efeeabc,Home,
auto.9f1e440e,Active,
auto.9f52e204,0,
auto.9f5b29e1,Reschedule Order,
auto.9f92a257,Warehouse *,
auto.9fc09060,Measured Value,
auto.9fd5b3b5,Active,
auto.9fdf6346,Add Work Center,
auto.9fe0b6b2,Closed,
auto.9ff29b27,Signed,
auto.9ffa5d83,Actions,
auto.9ffaae7b,Import JSON,
auto.a006c60d,Under Review,
auto.a017d584,Schedule Type,
auto.a01a20b2,Select Product,
auto.a0341f2e,Specification,
auto.a054e9f4,Sampling,
auto.a060f46a,Export CSV,
auto.a0aba3e6,Home,
auto.a0df5013,Workflow Designer,
auto.a0e7df17,Edit Configuration,
auto.a0fa70f5,Select run to view exceptions,
auto.a105dda2,Digital Signature (PIN),
auto.a118a91a,Due Date,
auto.a1206c38,Due Date,
auto.a12be5a1,Document Type,
auto.a1472493,-,
auto.a160b7d3,Quality Templates,
auto.a169a1bd,Active Users,
auto.a17f5725,Closed,
auto.a19468d5,Warehouse,
auto.a1c387ac,auto.a1c387ac,
auto.a1cb4936,-,
auto.a1d6707b,Assigned Jobs,
auto.a1d93dcc,Supplier,
auto.a1e782c2,Loading...,
auto.a200b824,Upload,
auto.a207ec27,Work Instruction,
auto.a20968e8,Priority,
auto.a20bd2e3,Reminders,
auto.a233125d,← Back to Dashboard,
auto.a23f2e62,Min Value,
auto.a2412225,Report Defect,
auto.a246de2e,Required columns:,
auto.a250577b,Home,
auto.a2728931,-,
auto.a2953631,Exception Type,
auto.a2a6663b,0,
auto.a3150794,0,
auto.a369fec8,File,
auto.a36a94c6,All Products,
auto.a3bdf5ca,Released Production Orders (supply),
auto.a3de7e82,Cancel,
auto.a3e08ccf,Active,
auto.a3e33df0,Record Calibration,
auto.a43d1e6d,Source Type,
auto.a4406ad9,Reject Batch,
auto.a4794437,Category,
auto.a4806c40,Prepared By,
auto.a485594d,Bin configuration is not yet implemented in this version.,
auto.a49a958a,Project Name,
auto.a4a1025f,📋 Project BOM,
auto.a4bcc8c8,0,
auto.a4c839aa,Assign,
auto.a4cc9261,Create,
auto.a4d31209,Status,
auto.a4d6cd10,Overdue,
auto.a4d961bc,Mass Update,
auto.a4dabff3,Email *,
auto.a4e4a5c5,Quantity,
auto.a4eee7a3,Currency,
auto.a512491b,Actual Cost,
auto.a51e92ae,Operation *,
auto.a523ab0c,Document Type,
auto.a546e563,Product,
auto.a5674199,Cancel,
auto.a5af8767,Loading roles...,
auto.a5ef72f6,Certificate,
auto.a5f7c443,Receiving,
auto.a609fba0,Report,
auto.a6234d3d,Work Center List,
auto.a62e6405,0,
auto.a64cf16a,Expiring Soon (≤7 days),
auto.a64e4311,Custom?,
auto.a651b2f3,Update Shipment Status,
auto.a6703859,Technician ID,
auto.a691dfae,Status:,
auto.a6b87f5a,Draft,
auto.a6e731ab,Draft,
auto.a6eb2f05,Import CSV,
auto.a6efc0cd,{,
auto.a716720f,Product ID *,
auto.a74f220e,Shipping,
auto.a760d692,Disposition,
auto.a774f506,Total Quantity On Hand,
auto.a79f23c2,Work Center,
auto.a7a5bb65,Measured Value,
auto.a7c3c62d,Inactive Only,
auto.a7c65a32,Rejected,
auto.a7ecd4b4,Component Details,
auto.a7eea6ea,Last Login,
auto.a840bc3a,Capacity Planning,
auto.a8450697,Quantity,
auto.a84a4707,Reset,
auto.a8531ed4,Name *,
auto.a87a2f41,Status,
auto.a885cc03,Total Components,
auto.a88d185b,All,
auto.a8982b49,Internal,
auto.a9063135,Supplier,
auto.a90c8db0,Engineering,
auto.a94a0ae4,Project (optional),
auto.a94ebf17,0%,
auto.a9ba8cc1,-,
auto.a9be38f7,Schedule Maintenance,
auto.a9ee6fa0,-,
auto.a9f1a4f3,Return to Supplier,
auto.aa21cb81,Revision,
auto.aa278e90,0,
auto.aa2c8ad9,Request Expedite,
auto.aa450bf7,System Configuration,
auto.aa4b9dff,Import CSV,
auto.aa535991,Branding,
auto.aa76f22f,Quantity,
auto.aac9d267,Manufacturing,
auto.aad46231,Cancel,
auto.aad5340f,-,
auto.aaec9022,Inspection,
auto.aaecb9ea,Total Steps,
auto.aaf10330,Reset Password,
auto.ab277db6,Cancel,
auto.ab66eb04,Import/Export,
auto.ab7838a5,0,
auto.ab9c94e2,GBP,
auto.abbeaff1,Workflow Definitions,
auto.abc73e40,Confirm Receipt,
auto.abcc61e3,Cancel,
auto.abd59130,User Exceptions,
auto.ac0a1ebb,Finished Goods,
auto.ac21038f,Add Contact,
auto.ac247fb8,Document Type,
auto.ac3ed41b,Available,
auto.ac4b96ea,Open Purchase Orders (supply),
auto.ac5b81fe,0,
auto.ac671ae4,Cancel,
auto.ac89e82a,Active only,
auto.ac9a5bf2,Document Number,
auto.ac9c52ba,Product,
auto.aca01d11,Import CSV,
auto.aca1fc94,Full Name *,
auto.aca800bd,All,
auto.acb04ec4,Add Reminder,
auto.acc1e0d1,Permissions (JSON) – override role permissions,
auto.acd616e6,Cancel,
auto.acd89e28,Cancel,
auto.ad04e579,Create Product,
auto.ad0ca669,Import Configuration JSON,
auto.ad14778b,Supplier Details,
auto.ad1923bd,Total Inventory Value,
auto.ad398643,Description,
auto.ad398e1e,Name *,
auto.ad4f7b3f,-,
auto.ad6f4856,Role,
auto.ad7e5f5f,0,
auto.ad9d9998,0,
auto.adb70c25,Loading...,
auto.adc44f65,0,
auto.adc665ce,Add Component,
auto.adddf060,Duration (minutes),
auto.ade62d88,Defect Rate,
auto.ae060d48,Approve or Reject,
auto.ae36d197,Cancel,
auto.ae4a1cdd,Project Name *,
auto.ae74b1c6,Manufacturing,
auto.ae841c9c,Certificates of Conformance,
auto.ae851e0a,Completed Today,
auto.ae97d24c,Project ID,
auto.aea8c787,Upload New Document,
auto.aeb0c148,Total Planned,
auto.aeb32fca,Product,
auto.aec8ffde,Supply Chain,
auto.aeffd789,Delivery Rating,
auto.af591b3e,Status,
auto.af88c040,New Workflow,
auto.af8d6095,Footer Text,
auto.af944950,Total Inventory Value,
auto.af9fac84,End Date,
auto.afbd7a91,Confirm all required inspections are completed and passed?,
auto.afc28259,Delete,
auto.afd13ba4,Completed,
auto.afe2f6a5,Project,
auto.affc4601,Notes,
auto.b00775ca,Add Template,
auto.b00add93,Completed,
auto.b02023ba,📎 Export CSV,
auto.b038557f,Applicable To Examples,
auto.b0452345,Generate Certificate of Conformance,
auto.b053a1cf,InProgress,
auto.b09eabd7,-,
auto.b0ba45d7,Apply,
auto.b157de35,Pending,
auto.b15a80d0,0,
auto.b169b6fc,Past Due,
auto.b17e8501,Available,
auto.b17ff9aa,Actions,
auto.b1941011,Transaction Details,
auto.b1a6578e,Select permission,
auto.b1a76014,Reset,
auto.b1b5062c,End Date Key (optional),
auto.b1b77108,Module,
auto.b1b95811,Receive,
auto.b1b9aad9,Place,
auto.b1c5b8fc,Explanation,
auto.b1dc86de,Active Only,
auto.b1fc9f2a,Start Date,
auto.b248a779,All,
auto.b24d7afe,Batch Sign Off,
auto.b277b65a,Work Center,
auto.b27d286a,Manufacturing,
auto.b2b6765d,On Hold,
auto.b2e53a7c,Last Modified,
auto.b2ec2182,Document Type Details,
auto.b3012ce1,Subcontract Purchase Orders,
auto.b3117bfe,Date From,
auto.b318e02f,1 - Low,
auto.b323ff71,+ Add Custom Component,
auto.b33d3a7b,Close,
auto.b35002a4,Terms &amp; Conditions (HTML allowed),
auto.b35f7ad9,New Standard Cost,
auto.b36321d5,All Families,
auto.b3744e0b,Calibration,
auto.b37b4224,Import CSV,
auto.b3c482f6,Customer:,
auto.b3d2fa1d,Due Date,
auto.b3ede722,Project,
auto.b3ff32d0,Save All,
auto.b402b1ec,Est. Time,
auto.b41ff989,Notes,
auto.b4292ee5,Expedite request for PO:,
auto.b435a8f1,Overdue,
auto.b48618cc,Loading...,
auto.b4ad2301,Email Address,
auto.b4b99eec,My Projects,
auto.b4bfe51c,Sign Disposition,
auto.b5167b75,Start Date,
auto.b525cba1,Manufactured,
auto.b5372118,Check Out,
auto.b5638f0b,Supplier *,
auto.b5751e76,From Warehouse *,
auto.b58f0d02,Adjust Standard Cost,
auto.b596b6a6,Date To,
auto.b5b5404d,Reset,
auto.b5c001af,In Progress,
auto.b5d9fe06,0,
auto.b6077f20,Mass Update Planned Orders,
auto.b60b75c3,Target Value,
auto.b6553f83,Critical,
auto.b6686e4e,Import JSON,
auto.b67db9c2,Add Inspection Operation,
auto.b6b2a140,Lead Time (days),
auto.b6e44f15,Top Supplier,
auto.b6e78e4b,Procurement Type,
auto.b6f70929,Equipment Required,
auto.b70c45d3,Conduct / Update,
auto.b7129922,Work Center,
auto.b7624109,Include capacity check,
auto.b7796113,Total Serials,
auto.b780d6a6,Cancel,
auto.b78c3f00,Project ID,
auto.b78e32ba,Actions,
auto.b7bf9adc,Completed,
auto.b7d716c4,Cancel,
auto.b7fd3f36,Component,
auto.b7fee9d6,Required,
auto.b814cf69,Checkout Status,
auto.b8188c24,Status,
auto.b82fad53,Status,
auto.b86ccdaa,Surface Finish,
auto.b872fb07,+ Add Sample,
auto.b8787d81,-,
auto.b89217b4,Batch #,
auto.b8b21d9a,Production Issue,
auto.b8d293fd,InProgress,
auto.b8e2df67,All,
auto.b90a539e,-,
auto.b91db0dc,Document Number,
auto.b9697b2f,Plan Audit,
auto.b96e5631,Type,
auto.b985a209,% Complete,
auto.b9b04777,Total Amount,
auto.b9c033a7,Roles,
auto.b9d437fe,Drawing,
auto.b9fccdaf,Cancel,
auto.ba18f1b3,Title,
auto.ba1ede97,Unit,
auto.ba656d9a,Current Role Assignments,
auto.ba6edebf,Manufacturing,
auto.ba819f11,Supplier Response,
auto.ba88b8f8,Pending,
auto.ba89c0b6,Record Completion,
auto.ba9b1e86,← Back to Dashboard,
auto.ba9fe113,Plan Name,
auto.bab430da,Customer,
auto.bac967d2,Status,
auto.bac9e80f,0,
auto.bae0d2e6,All,
auto.bae8040f,Apply,
auto.bae9c9c0,What-If Scenarios,
auto.baf055b7,Operation Library,
auto.bb031aa9,Subcontract Orders,
auto.bb0acad5,Save,
auto.bb132973,End Date ≤,
auto.bb275b98,Project BOM,
auto.bb3dd3c3,End Date,
auto.bb435134,WIP,
auto.bb655c80,Product ID,
auto.bb89c761,0,
auto.bba68b3f,Logistics &amp; Distribution,
auto.bbc05e5f,Today,
auto.bbcf29da,Export CSV,
auto.bbfbe93b,Document Preview,
auto.bc0f5e93,Save,
auto.bc3b5dfb,Overall Rating (0-100),
auto.bc60afbf,Product,
auto.bc669132,0,
auto.bc7dba88,Save,
auto.bca0d2c1,Findings / Notes,
auto.bca17db2,Sales Order,
auto.bcb24d3b,Milestone,
auto.bcb2815e,NCR,
auto.bcdd899d,Notes,
auto.bce3762b,Critical,
auto.bd143f02,Allowed,
auto.bd1f5ca9,Equipment Name,
auto.bd3788f4,Due Date,
auto.bd5461f5,Loading load profile...,
auto.bd75dfa4,Critical,
auto.bd7abb3c,Description,
auto.bd8c6c05,Capacity,
auto.bd93a2e7,Status,
auto.bd981c33,Audit Log,
auto.be06e1e1,Refresh,
auto.be0ca3ec,System Operations,
auto.be0ee3ef,Add Role,
auto.be4bdafd,Actions,
auto.be6e7e69,Duration (hours),
auto.bebc86a5,Minor,
auto.bebd5e58,Reference,
auto.bec34443,Permission Code,
auto.bedab2d5,Planned Date,
auto.bef91ea9,0,
auto.bef93756,Expiry Date,
auto.befc55f3,📅 Project Milestones,
auto.bf1d7ed6,Status,
auto.bf5396a2,Milestones,
auto.bf559358,Record ID,
auto.bf8f3735,Certificate Management,
auto.bfc4e066,0,
auto.bfd1a7e4,3 - High,
auto.bfd52298,Engineering,
auto.bfe7b8bb,2 - Medium,
auto.bffbff12,Step Name *,
auto.c02b7446,Checked Out,
auto.c034d049,Item Line#,
auto.c04e0ca6,0%,
auto.c08673b6,Status,
auto.c0891281,0,
auto.c09548c6,Status,
auto.c0c6a717,Status,
auto.c0d05583,Cancel,
auto.c0d0776c,Loading...,
auto.c0f3cae3,Quantity:,
auto.c0ff0f9a,Upload New Document,
auto.c1016f23,Completion %,
auto.c10416fd,ECO History,
auto.c108233f,Description,
auto.c10f9044,Period Summary,
auto.c11c3ff9,"Upload PNG, JPG or GIF.",
auto.c13bba98,Details,
auto.c148fffa,Production,
auto.c1547784,Quantity Affected,
auto.c193ebe7,Date To,
auto.c1c1aef9,Goods Receipt,
auto.c1c97adb,Cancel,
auto.c1e34789,Move (hrs),
auto.c1fa4748,Stock Overview,
auto.c20c116f,Expiry,
auto.c23c0f22,Required,
auto.c23efe56,Configure Bins,
auto.c27c7592,Name,
auto.c29dc8cb,Work Center,
auto.c2ae7488,First of Batch,
auto.c2b1b663,Import Workflow JSON,
auto.c2c1611b,Open,
auto.c2dbb6a9,Actions,
auto.c2dd3371,Select Type,
auto.c2f4c7eb,Import CSV,
auto.c303ec38,Last Calibration,
auto.c352d335,Recently Shared,
auto.c35a515a,Quality Templates,
auto.c3634b3a,Serial Numbers,
auto.c39022e1,Full Name *,
auto.c396aaf6,Actions,
auto.c3a26ae9,Manufacturing Orders,
auto.c3c88113,All,
auto.c3f0a75a,Actions,
auto.c3f22927,Internal Projects,
auto.c3f6d434,Doc Status,
auto.c4105c5f,New Start Date,
auto.c42c1e22,Total Templates,
auto.c42e8ef9,Date To,
auto.c42fc535,Project,
auto.c471485e,Product,
auto.c4743b68,Actions,
auto.c47581bf,Save,
auto.c475acc2,Electrical,
auto.c476c56b,-,
auto.c48bb55e,Share Document Externally,
auto.c4a0698a,Active Templates,
auto.c4a61f34,auto.c4a61f34,
auto.c4b8e7f7,Document Number:,
auto.c4d3e246,Inactive,
auto.c4ea0ab8,Product:,
auto.c4f0424c,Product,
auto.c5062514,Reject,
auto.c56a3806,All,
auto.c5a2cf2f,Cancel,
auto.c5ab7450,Create Action,
auto.c5b3452e,-,
auto.c5cd0bc6,Active,
auto.c5cf2e75,Carrier,
auto.c5fbd11c,Product,
auto.c60a6e31,Date To,
auto.c61a7b17,Status,
auto.c6241232,-,
auto.c6335b79,Active Warranty,
auto.c6407dce,Project ID (optional),
auto.c652cbfd,User,
auto.c65d3abe,Title,
auto.c672a0f0,Morning,
auto.c68e2a7c,None,
auto.c69616b7,Due Date,
auto.c6a20907,All,
auto.c6aebe74,-,
auto.c6ba00a4,Add,
auto.c6be8a97,Manufacturing,
auto.c6cf3eab,Apply Filters,
auto.c7091b09,Production,
auto.c71826ed,Project,
auto.c71d98bb,Loading sessions...,
auto.c7210486,Product,
auto.c749436d,Supplier,
auto.c7a30684,Actions,
auto.c7bce365,{,
auto.c7bf95e2,"Scenario Data (JSON, optional)",
auto.c7d30003,Test Modal,
auto.c7f228a0,Exception Details,
auto.c821905d,Cancel,
auto.c8317037,Completion Date,
auto.c840bb84,Order Type,
auto.c84479e0,Drawing,
auto.c8676467,Quantity,
auto.c897ca6c,Export CSV,
auto.c8983731,-,
auto.c8ba677b,Due Date To,
auto.c8ccbe13,Pending ECOs,
auto.c8e384e9,Cancel,
auto.c8e8fdd0,All,
auto.c91ab744,Quality Checks,
auto.c93ee444,Close,
auto.c9428171,{,
auto.c94eae6a,Manage Additional Attributes,
auto.c9570b6d,Total Components,
auto.c97acb94,Actions,
auto.c98aae7d,Start Date:,
auto.c9d9b0b8,Lead Time (days),
auto.c9e632ae,Projects,
auto.c9efe6cc,Due Date To,
auto.ca28f3ee,Partially Received,
auto.ca2b7fb6,📦 Project Deliverables,
auto.ca3aa9d8,Category,
auto.ca4559a9,All Projects,
auto.ca8590b7,Plan Name,
auto.cab2d57d,Pending Approval,
auto.cab99b70,Select Product,
auto.cacf8db6,Is Active,
auto.cad5f4ea,Select user,
auto.caf531db,Transfer,
auto.cb011213,Update Supplier Ratings,
auto.cb0bd0b6,Title,
auto.cb208141,"If this opens, your Bootstrap 5 JavaScript is working!",
auto.cb21c401,Minor,
auto.cb33b6d9,Date From,
auto.cb36b1f8,-,
auto.cb5c4e16,Cancel,
auto.cb7d5c16,Loading...,
auto.cbc1b9fa,Upload,
auto.cbcdc373,Reason *,
auto.cbd97543,Close NCR,
auto.cbd98628,Pending Shipments,
auto.cbdb8d22,Est. Time (min),
auto.cbdf9ff0,Source Type *,
auto.cbe031a6,View Details,
auto.cc0162db,Transfer Stock,
auto.cc13ffd5,Order Date *,
auto.cc42136f,All,
auto.cc9f7c28,Products,
auto.ccd94f02,Approved,
auto.ccfdba9f,0,
auto.cd3b57ff,Active Sessions,
auto.cd62506a,Effective Date,
auto.cd62a6bb,Product ID,
auto.cd7ce89f,Product Search,
auto.cda2f707,To Issue Now,
auto.cda3e353,Incoming Inspection,
auto.ce0ea3be,Generated This Month,
auto.ce1c17e2,Template *,
auto.ce4b8fce,Resolved,
auto.ce56f5a9,Supplier ID,
auto.ce7f00b4,Issue Order to Supplier,
auto.ce8b78d3,Status,
auto.ce957fa5,Quality,
auto.ceab0e19,Reset Password,
auto.cebe11bd,Under Review,
auto.cec0e062,Cancel,
auto.cf17c0bd,Available Documents,
auto.cf1d80a0,Active (Published),
auto.cf20ca27,View Documents,
auto.cf47b675,Bottom Supplier,
auto.cf4efcba,Category,
auto.cf59f473,Cancel,
auto.cf870ef0,Submit for Approval,
auto.cf9741bc,Quality Operations,
auto.cfac5d9e,Cancel,
auto.cfac8977,Home,
auto.cfbc241d,Currency,
auto.cfc19221,Explanation,
auto.cfe0b374,Apply Filters,
auto.cfe3d57e,0,
auto.cfed2f68,Advanced,
auto.d028b6ea,Recalculate Ratings,
auto.d03a868f,Order Date To,
auto.d04815f1,Audit Management,
auto.d04f01df,0,
auto.d07e54ae,Start New MRP Run,
auto.d08ab36e,Quantity,
auto.d09b3bcb,Export JSON,
auto.d0b0974b,Calibrated,
auto.d0b0eb71,Name,
auto.d0b4f5eb,Create Portal User,
auto.d0c00e0e,Request Access,
auto.d0d0c25c,Refresh,
auto.d0d9374a,Status,
auto.d0d9a758,Recently Shared,
auto.d0def2d6,Cancel,
auto.d1089e7c,Status,
auto.d112df6a,Actions,
auto.d119f02c,All actions,
auto.d1279626,Product Family,
auto.d136573c,Unsigned,
auto.d15bbc00,Save,
auto.d15e4177,All,
auto.d1dd2158,Closed,
auto.d1f83b77,Manufactured,
auto.d1fd293c,Loading...,
auto.d20a4e6d,Loading...,
auto.d2430471,Total Work Centers,
auto.d24e14cc,Active Users,
auto.d25e68c9,Select serials (Ctrl+Click for multiple),
auto.d274ed31,Source,
auto.d2839010,Import CSV,
auto.d2aa3f6b,Equipment Required,
auto.d2cc3913,Equipment Name,
auto.d2da926f,Status,
auto.d2e2a17b,Progress,
auto.d2f10355,Value *,
auto.d2f1e9a7,Order ID:,
auto.d2faab25,Committed Cost:,
auto.d302c3e4,Assignee,
auto.d325a13b,Maintenance Schedule,
auto.d325d9f7,Coming Soon,
auto.d376363e,Cancel,
auto.d3778fa7,QC_INSPECTOR|PROD_MANAGER,
auto.d388fc73,Apply,
auto.d394d559,Purchase,
auto.d3ca32dd,Module,
auto.d3cc1def,Export CSV,
auto.d3d62d55,Review Document,
auto.d3d6c782,Cancel,
auto.d3e2d68a,Equipment Type,
auto.d3ee5500,Refresh,
auto.d3eecbe3,Only if status is not ,
auto.d3fffd67,-,
auto.d408f93d,Other,
auto.d40d60f2,Actions,
auto.d424b715,Loading...,
auto.d42b8142,Title,
auto.d43fba64,Status,
auto.d449284a,Completed,
auto.d4688b8d,General,
auto.d48465c9,Raise NCR,
auto.d4ad2d30,All Status,
auto.d4b0fe96,Delete,
auto.d4b4026c,Project *,
auto.d4d03a27,Purchased,
auto.d4d5e210,Run ID,
auto.d4e2f9e7,Date (Key),
auto.d4fd2723,Type,
auto.d53c9f3e,-,
auto.d54a4d1f,All,
auto.d5625d55,Queue (hrs),
auto.d56372e2,+ Link Internal Project,
auto.d56ca6f3,Entity,
auto.d57a9254,Calibration,
auto.d5b00a3b,Exceptions,
auto.d5bad549,Cancel,
auto.d5e96c81,Capacity Hours per Day,
auto.d5f175bb,Hourly Rate,
auto.d6072da4,"Unique text identifier, e.g., VALVE-500-CTRL",
auto.d62d0dae,"Username, Email, FullName, CompanyName, IsActive, Roles, PortalPermissions",
auto.d62d6db4,Total Defects:,
auto.d6870846,Severity,
auto.d6a9cd19,To Warehouse *,
auto.d6b7ab9a,Expected Delivery,
auto.d6ef1f52,Type,
auto.d71a77a4,My Tasks,
auto.d737c84c,Supplier,
auto.d754e0c5,Link,
auto.d77e5e0b,Description,
auto.d79eae72,Committed Cost,
auto.d79fb984,0,
auto.d7a0659c,+ Create Project,
auto.d7b039f8,0,
auto.d7f5d828,Select Type,
auto.d8089539,PO#,
auto.d837d637,Project ID,
auto.d8395668,Status,
auto.d83b5df0,0,
auto.d8406270,Total Scenarios,
auto.d86fa7c8,Actions,
auto.d87ca705,Delete,
auto.d8812261,Outstanding Qty,
auto.d8858010,Actual Cost:,
auto.d8af8c90,Supplier:,
auto.d8b105f5,Refresh,
auto.d8cbbff5,Your Name,
auto.d8cd8af5,Setup Time (hrs),
auto.d8efc4e0,Closed,
auto.d8f8bed4,Version History,
auto.d8fa043e,Select Project,
auto.d90102e3,Standard,
auto.d9121703,Completed / Total:,
auto.d91f7c9a,Raise NCR,
auto.d920c5c6,Start Date,
auto.d92b12b1,Product,
auto.d939d12b,Engineering Handover,
auto.d9481aac,Planned,
auto.d9576f5a,Product,
auto.d96859c0,Medium Severity,
auto.d980e418,Home,
auto.d98468aa,Product,
auto.d98e4942,Total Operations,
auto.d998b404,End Date,
auto.d9bc84d7,Used in Products,
auto.d9c07d72,Loading...,
auto.d9defc45,0,
auto.d9f164e7,Project Status,
auto.da37c070,Project (optional),
auto.da7b338d,Approve,
auto.dab73a4c,Refresh,
auto.dabbf1d6,Loading...,
auto.db08ff72,Close,
auto.db117c6c,Name,
auto.db12f21a,Win/Loss Reason,
auto.db1709af,UOM,
auto.db1f48f5,Signed,
auto.db546e79,Store as JSON in AdditionalAttributes,
auto.db605be6,MRP Run in progress...,
auto.db6182e4,Valuation Method,
auto.db6ce5ed,Interactive Simulation – Toggle Input Sources,
auto.db72f68b,Service Orders,
auto.db98af1f,+ Add Component,
auto.dba74543,All Categories,
auto.dbb5d7f5,Type,
auto.dbf247c7,Export CSV,
auto.dc177e24,Create Shipment,
auto.dc497c01,Run Logs,
auto.dc4f8dab,Status,
auto.dc76a8c6,Apply,
auto.dca1559b,Sampling Frequency,
auto.dcaa00e3,0%,
auto.dccf7a17,Only for a specific customer,
auto.dce5386d,Drawing,
auto.dcebe947,Stock Movements,
auto.dcf9dcbf,-,
auto.dd136735,Loading...,
auto.dd9d9399,Project,
auto.ddca1f87,Type,
auto.ddce62b1,0,
auto.ddf58772,Add,
auto.de0c7917,Expected Date,
auto.de25a6d2,Due Days (optional),
auto.de3377cd,All,
auto.de543201,Actions,
auto.de6f40b3,Reason,
auto.de77bb7b,Checked Out By,
auto.de85e62b,Only for specific projects,
auto.de88914d,0,
auto.dec2e3c8,Update,
auto.ded1b32e,Apply,
auto.dedf3bf3,Position,
auto.dee98b22,Manufacturing,
auto.df0026b9,Overdue,
auto.df09ef5c,Save,
auto.df4757c9,Type,
auto.df4cf1ef,Project,
auto.df5cb308,Critical,
auto.df5e74d3,Last Maintenance Date,
auto.df6194dd,Loading...,
auto.df6d402d,Loading...&lt;\/td&gt;,
auto.df7917e3,Product Family,
auto.df7b7ced,Create Shipment,
auto.dfc06229,Status,
auto.dfd66991,Supplier,
auto.dfdc41b3,Overdue,
auto.dff159df,0,
auto.dffa9ee4,Approved,
auto.dffd25e3,All,
auto.e007ca5e,Actions,
auto.e01c52fe,Overdue,
auto.e01e4f63,-,
auto.e026664e,Actions,
auto.e033a28b,Refresh,
auto.e0677775,-,
auto.e07c74e6,Min/Target/Max,
auto.e08fa9fc,Exchange Thread,
auto.e092725f,First Pass Yield,
auto.e09ed433,Sampling,
auto.e0a1a126,-,
auto.e0a44417,"Source ID (e.g., NCR number or reference)",
auto.e0aeb5b7,/static/js/,
auto.e0d53384,Spec Max,
auto.e0dea398,Sequence,
auto.e0f2c67b,Warranty End,
auto.e0fc794f,Projects,
auto.e1093114,Critical,
auto.e134a047,Save Steps,
auto.e1413283,Manufactured,
auto.e1551390,Completed,
auto.e162e6a8,Notes,
auto.e16396a4,Source,
auto.e1690cd6,All Projects,
auto.e1e08e5b,Loading operations...,
auto.e1eb443f,Quality Operation *,
auto.e1eb560b,Due This Month,
auto.e234af15,Batch #,
auto.e252ef39,Product,
auto.e2674c95,External Document Sharing,
auto.e26b8948,Select Supplier,
auto.e27c4661,0,
auto.e282a9af,Defect Disposition,
auto.e28e952e,Projects,
auto.e29db20f,Refresh,
auto.e2bd9dd5,Preventive,
auto.e2bdfc5e,Import Routing Steps (CSV),
auto.e2be6f4c,Routing,
auto.e2fcc4fd,Operation:,
auto.e309c0b8,Cancel,
auto.e320ebf7,Equipment Name,
auto.e32427a8,Sales Issue,
auto.e32c7022,Project Type,
auto.e3547bff,Planned,
auto.e3549e48,Project,
auto.e361b69c,Actions,
auto.e367ce39,Revision,
auto.e36b9c2d,Use the ▲ ▼ buttons to reorder steps.,
auto.e38ce843,No,
auto.e3b7614f,Save,
auto.e3b8d23e,Role &amp; Permissions,
auto.e3d55baa,Warranty,
auto.e3f7c2df,0,
auto.e3fb3c7a,Subcontract,
auto.e4007317,Home,
auto.e405cdbd,Completed Today,
auto.e41eadc1,-,
auto.e4379e90,CSV File,
auto.e4556379,Technical Drawing,
auto.e46a26d3,NCR #,
auto.e46f668d,Rework,
auto.e47a1425,Critical,
auto.e47e0063,Create Order,
auto.e48d19d7,Status,
auto.e496ea2c,Run ID,
auto.e4986168,Add Operation,
auto.e4a0f8ea,Engineering,
auto.e4bff611,Sales Orders by Customer,
auto.e4c6d0e0,Action,
auto.e4e7ca5e,Debit/Credit Amount,
auto.e4eab9b9,Loading...,
auto.e4edca55,Loading...&lt;\/td&gt;,
auto.e4ee2c5f,Loading...,
auto.e523a977,Expiring Soon (≤7 days),
auto.e5298f48,End Date:,
auto.e53dfae9,Completed Quantity,
auto.e5461f26,Supplier Quality Requirements,
auto.e54b1548,Role,
auto.e5525227,Permissions Defined,
auto.e575aff9,Event Log,
auto.e583a0c2,Run (hrs/unit),
auto.e5b2a1e4,html,
auto.e5bb88f1,Project ID,
auto.e5beca00,Sales Orders,
auto.e5db3feb,Refresh,
auto.e5e4d344,0,
auto.e5e7d61e,Approval Required,
auto.e5eee9ee,Next Due To (YYYY-MM-DD),
auto.e5f41fe2,All,
auto.e601bd56,Procurement Type,
auto.e61f682d,Digital Signature (PIN),
auto.e62a1aea,Rejected,
auto.e62d74e6,Audit,
auto.e631456e,Non‑Conformance Reports,
auto.e6454749,-,
auto.e646044a,Milestones,
auto.e6816318,Critical,
auto.e691a529,Actions,
auto.e6b14512,📂 Import CSV,
auto.e6c3ff21,Company,
auto.e6c65841,Supplier (if external),
auto.e6e3b55c,Reset,
auto.e6e589f5,Status,
auto.e6edded4,Username *,
auto.e6fc71c7,Add User Exception,
auto.e711f538,Quality Operations,
auto.e736fe66,External (subcontract),
auto.e7662ba9,Company Type,
auto.e78a2370,Overall Rating,
auto.e794f0cb,Select Source,
auto.e79acf98,Close,
auto.e7a0dde4,Supplier,
auto.e7ab7dd2,Last Login,
auto.e7abcd6f,🇮🇷 FA,
auto.e7cccae6,Clear Filters,
auto.e7d58a66,All,
auto.e7eb8733,All,
auto.e800e1b7,Mark ,
auto.e8051c26,-,
auto.e8135eb3,Actions,
auto.e81e8285,All,
auto.e8237ba6,-,
auto.e87a5aea,Audit Schedule,
auto.e89b2f10,Adjustment,
auto.e8c6e73e,Product Management,
auto.e8d659a3,Actions,
auto.e8d6ec01,Major,
auto.e8eaeb87,Closed,
auto.e8ed4d87,0,
auto.e8f0e6fb,Top Categories,
auto.e902252f,Loading...,
auto.e9075aed,Update,
auto.e90d5f70,Refresh,
auto.e91a90c2,Custom Spec,
auto.e95a1014,-,
auto.e981d446,-,
auto.e9a2766f,Document Exchange &amp; Approval,
auto.e9a69c06,Shop Floor Workbench,
auto.e9be55d6,Quality Templates,
auto.e9c02f30,Save Changes,
auto.e9d155a1,Description,
auto.e9dfaffb,Export CSV,
auto.e9e35d63,Supplier Quality Plans,
auto.e9e472f8,Refresh,
auto.e9e8a02c,0,
auto.e9f37c74,All Projects,
auto.ea05343d,Unsigned Critical,
auto.ea3b0307,Import/Export,
auto.ea453b3a,Submit for Approval,
auto.ea49f97c,End Date,
auto.ea69fd49,Team Members (comma-separated UserIDs),
auto.ea7c2f00,Status,
auto.ea82d2dc,Checked Out,
auto.ea8ea80a,Apply Filters,
auto.ea9df41a,Suppliers,
auto.eababca5,Loading...&lt;\/td&gt;,
auto.eac24450,Code,
auto.eac89029,Role,
auto.eae2217f,Workflow,
auto.eaea4448,Start Date ≥,
auto.eb1775f1,Hourly Rate,
auto.eb22bb9a,Send Request,
auto.eb2c05c4,Repair,
auto.eb43e023,Actions,
auto.eb5579dd,0,
auto.eb5604c6,Type,
auto.eb59cfee,Customers Management,
auto.eb5c81c8,Other,
auto.eb663141,Cancel,
auto.eb910499,Apply Filters,
auto.eb945035,Qty,
auto.eb9f0e89,"Conditions allow you to restrict when this workflow is applicable based on entity data (e.g., order amount, department, priority).",
auto.eba10664,Refresh,
auto.ebb1a7da,All,
auto.ebbca044,Entity Permissions,
auto.ebca11f1,Electrical,
auto.ec15e9ec,Closed,
auto.ec1a1e00,Engineering Handover Items,
auto.ec1ec57c,Save,
auto.ec2fc050,-,
auto.ec4aa7e7,Currency,
auto.ec73cc60,Start Date Key (YYYYMMDD) *,
auto.ec86f094,Condition Expression (optional),
auto.ec8af851,Sampling Frequency,
auto.ec8ff657,Project,
auto.ec9bb568,Cancel,
auto.ecc60f4f,Quantity,
auto.ecd39392,Product,
auto.ecee3a6f,Serial Number Prefix,
auto.ed43ebf8,Go to Operations,
auto.ed47b2a8,Available Modules,
auto.ed5ea533,Document:,
auto.ed7a6662,Loading...,
auto.ed89bd20,Active,
auto.ed96daeb,Home,
auto.edcc2170,Completed,
auto.edfd8ea6,Refresh,
auto.edfff447,Approved,
auto.ee39c7a6,Delete,
auto.ee4627e2,Draft,
auto.ee8ffbed,Description,
auto.eeb3c598,External,
auto.eebb27b8,Operation,
auto.eec37bb5,Document Types,
auto.ef03f542,Contacts,
auto.ef4165fe,You are requesting access to:,
auto.ef4581a0,Severity,
auto.ef488b21,Reason *,
auto.ef4e372c,Apply,
auto.ef50c95c,Password,
auto.ef5714b3,All Products,
auto.ef7d24bf,Unit of Measure,
auto.efd7dcd9,Products List,
auto.efee083d,Refresh,
auto.f02f821f,Work Instruction,
auto.f04c76d0,Sales,
auto.f0540b2c,Select Frequency,
auto.f056da48,Completed,
auto.f081c9ca,By Company Type,
auto.f0b0b787,Customer Project ID,
auto.f0b716df,Total Value,
auto.f0b7d7d2,Purchase Orders,
auto.f0ba1486,Used in Templates,
auto.f0d3cb06,Line Items,
auto.f0d795d3,Save Response,
auto.f0d9ca15,All,
auto.f0dfe2b9,Purchase Orders,
auto.f0f014af,Description,
auto.f0f2c058,Due Date,
auto.f10f1383,Source,
auto.f1264c75,Manufacturing,
auto.f12d19e3,Start Run,
auto.f153523c,Location,
auto.f155f459,Select Product,
auto.f1563d8f,Closed,
auto.f17034c5,Full Name,
auto.f17e4ee5,Once,
auto.f17ef68e,Shift,
auto.f17fde91,Weighted Average Cost,
auto.f18a9212,Expired Warranty,
auto.f1aa82ac,Setup (hrs),
auto.f1ae5634,-,
auto.f1c071d5,Home,
auto.f1c0cc21,0,
auto.f1ca83b3,Select Source,
auto.f1df477e,Projects,
auto.f1ec79f4,EUR,
auto.f1fccd02,Response Comments,
auto.f212f71e,Expiry Date,
auto.f22a75dc,Receive Goods,
auto.f236bb0f,You are requesting access to:,
auto.f2415091,Add Step,
auto.f2638f25,Close,
auto.f265d051,M,
auto.f271cd7c,Product,
auto.f273fcb2,Approved,
auto.f2863a12,Deliverables,
auto.f2a64c9a,Forecasts,
auto.f2debfd5,-,
auto.f2f268b5,Create Product from Engineering Item,
auto.f3046813,Active External Users,
auto.f3236d7c,Warehouses,
auto.f3264334,Code,
auto.f33f8dca,Role Code *,
auto.f351ba9b,Today,
auto.f3532af4,Cancel,
auto.f37a8132,Close,
auto.f3be66f4,On Hold,
auto.f3be84e5,No assignments found,
auto.f3c6b0d8,Verify Effectiveness,
auto.f3dea243,Document Number *,
auto.f421d81c,Primary Color (Hex),
auto.f435e775,Quality,
auto.f467c0a6,Projects,
auto.f473565d,Import Equipment CSV,
auto.f4a2267b,Status,
auto.f4b2ca44,Home,
auto.f4b9d137,Warranty Details,
auto.f4e1c47e,Overdue,
auto.f4fee19b,Adjust Stock,
auto.f5033ffc,Employee,
auto.f52f6948,Draft,
auto.f54700d6,-,
auto.f55b10b3,Import Project Roles CSV,
auto.f570c81f,Completed,
auto.f5a08734,Work Center,
auto.f5aeab1d,Shared Documents Library,
auto.f5cc005e,Create Operation,
auto.f617012f,Refresh,
auto.f61c4c2f,0,
auto.f624572a,+ Create Shipment,
auto.f62c1105,Cancel,
auto.f65050f9,Refresh,
auto.f68cdea4,Project,
auto.f68e790a,Last Modified,
auto.f6a9be5e,Obsolete Date (YYYYMMDD),
auto.f6b48242,CSV must contain columns:,
auto.f6b7835c,Sales Orders,
auto.f6ce022f,Project Quality Plans,
auto.f6e98199,Partially Received,
auto.f6f57b1a,Email *,
auto.f710825e,Medium,
auto.f72e6627,Internal,
auto.f734a973,QualityPlan,
auto.f76c03c2,Category,
auto.f78a6f69,All,
auto.f795a425,Status,
auto.f7a78c30,Upload,
auto.f7a7a732,Status,
auto.f7af2aa4,Manufacturing,
auto.f7c0662a,Save,
auto.f7c3c337,Cancel,
auto.f7c960d4,Approved,
auto.f7d77732,Save Result,
auto.f800d8ec,Select Product,
auto.f8097ea9,Active,
auto.f82d7c25,Only if order total is greater than 1000,
auto.f82f5e9c,Production Orders,
auto.f86529de,Schedule,
auto.f86604ca,Cost,
auto.f87c15ad,Location,
auto.f87e08e2,Cost,
auto.f8947b2b,Upload &amp; Import,
auto.f8dbbc3b,Apply Filters,
auto.f8e75943,Delivered,
auto.f9226952,Assign Resource,
auto.f995d1f9,Select product,
auto.f9dd1edc,Source Type *,
auto.f9f31650,Warranty,
auto.fa049fd9,0,
auto.fa12faa1,Pending Inspection,
auto.fa2146ac,Top Users (30 days),
auto.fa4ea006,-,
auto.faa2c5d0,Assign Supplier QC,
auto.faf23688,Link to Existing Product,
auto.fafc8788,Select Project,
auto.fb0440ca,All,
auto.fb0740b2,Checked Out By:,
auto.fb0b1ad3,Expected Receipts (Open POs),
auto.fb44b945,Last Calibration Date (YYYY-MM-DD),
auto.fb72e028,Standard Cost (USD),
auto.fb8b9ae8,0,
auto.fb8ca712,Select Document Type,
auto.fbabb7f2,Select Supplier,
auto.fbb70d58,+ Add Item,
auto.fbb9d203,0,
auto.fbc9c3f0,Scrap Factor:,
auto.fbcf4693,Next Due Date,
auto.fbd79290,Trend,
auto.fbe5bc3a,Status,
auto.fbe787bc,Date From,
auto.fbef4f33,Cancel,
auto.fbf926d1,Run Time (hrs/unit),
auto.fc628b10,Loading...,
auto.fc79a409,Action,
auto.fc9615bf,Pending Reminders,
auto.fcae818e,Access documents shared with you by our engineering team.,
auto.fccc3867,Weekly,
auto.fcceec4c,External,
auto.fd14f258,Milestones,
auto.fd20eb8f,On Hold,
auto.fd3c2d47,Condition,
auto.fd3d3c93,Reserved,
auto.fd7254f1,% Complete,
auto.fd874f96,Step,
auto.fdbc5955,"Interval (days, for recurring)",
auto.fde73ba5,Export CSV,
auto.fdee0047,Sign Off,
auto.fdef727f,Checked Out Date,
auto.fe0057bb,Refresh,
auto.fe0702e0,Pending,
auto.fe0ad546,Upload,
auto.fe132649,Change Notes,
auto.fe30878b,New Project,
auto.fe480b0a,Step,
auto.fe5add48,Completed,
auto.fe7410d1,{,
auto.fe803c4d,0,
auto.fe8f047e,Code *,
auto.feb18922,Pending (no product),
auto.febb1962,Refresh,
auto.fed002c2,Entity Type *,
auto.fef8d59e,Due Date To,
auto.fefb8c2f,Save,
auto.ff1245d1,Reset,
auto.ff2e29a0,P&amp;ID,
auto.ff498bac,Footer,
auto.ff63e6b8,"If no data appears, please set the date range to include your production orders (e.g., 2024-02-01 to 2024-04-01) and click Refresh.",
auto.ff665c75,Add Document Type,
auto.ff671d2b,0,
auto.ff7ca107,Cancel,
auto.ff811cc7,All,
auto.ff87fca0,Date (Key),
auto.ff923924,Change Notes,
auto.ff9f1e3e,Actions,
auto.ffa82bc7,MRP Exceptions,
auto.ffb24551,All,
auto.ffbe3865,Reset,
auto.ffd4d5a7,Assign Supplier QC,
auto.fff49161,Loading...,
common.actions,Actions,عملیات
common.confirm_clear,Clear all selections?,آیا همه انتخاب‌ها پاک شوند؟
common.error_loading,Error loading data,خطا در بارگذاری اطلاعات
common.loading_more,Loading more...,در حال بارگذاری بیشتر...
common.searching,Searching...,در حال جستجو...
common.status,Status,وضعیت
common.version,Version,نسخه
global.cancel,Cancel,لغو
global.delete,Delete,حذف
global.delete,Delete,حذف
global.details,Details,جزئیات
global.edit,Edit,ویرایش
global.edit,Edit,ویرایش
global.loading,Loading...,در حال بارگذاری...
global.portal_user,Portal User,کاربر پورتال
global.save,Save,ذخیره
global.share_doc,Share Doc,اشتراک مدرک
project.management,Project Management,مدیریت پروژه
quality.category,Category,دسته‌بندی
quality.category.all,All Categories,همه دسته‌ها
quality.category.filter,Category,دسته‌بندی
quality.defect_report,Defect Report,گزارش عیب
quality.inspection,Quality Inspection,بازرسی کیفیت
quality.operation.code,Code,کد
quality.operation.name,Name,نام
quality.operations.active,Active,فعال
quality.operations.draft,Draft,پیش‌نویس
quality.operations.inactive,Inactive,غیرفعال
quality.operations.list,operations,عملیات
quality.operations.title,Quality Operations Library,کتابخانه عملیات کیفیت
quality.operations.total,Total Operations,کل عملیات
quality.operations_library.active,Active,
quality.operations_library.draft,Draft,
quality.operations_library.inactive,Inactive,
quality.pressure_test,Pressure Test,تست فشار
quality.search.placeholder,Search operations...,جستجوی عملیات...
quality.show.inactive,Show Inactive,نمایش غیرفعال‌ها
quality.skill.level,Skill Level,سطح مهارت
quality.specifications,Specifications,مشخصات
quality.status.all,All Statuses,همه وضعیت‌ها
quality.status.filter,Status,وضعیت
quality.time,Time (min),زمان (دقیقه)
quality.type.all,All Types,همه انواع
quality.type.filter,Type,نوع
sidebar.admin.audit_log,Audit Log,سیاهه حسابرسی
sidebar.admin.external_users,External Users,کاربران خارجی
sidebar.admin.internal_users,Internal Users,
sidebar.admin.portal_settings,Portal Settings,تنظیمات پورتال
sidebar.admin.project_roles,Project Roles &amp; Permissions,
sidebar.admin.roles,Roles &amp; Permissions,نقش‌ها و مجوزها
sidebar.admin.system_config,System Configuration,پیکربندی سیستم
sidebar.admin.title,Administration,مدیریت سیستم
sidebar.admin.workflow_designer,Workflow Designer,طراح گردش کار
sidebar.current_project,Current Project,پروژه جاری
sidebar.dashboard,Dashboard,داشبورد
sidebar.engineering.bom,BOM Management,مدیریت BOM
sidebar.engineering.document_checkout,Document Checkout,خروج مدارک
sidebar.engineering.document_control,Document Control,کنترل مدارک
sidebar.engineering.document_exchange,Document Exchange &amp; Approval,تبادل و تصویب مدارک
sidebar.engineering.engineering_docs,Engineering Documents,مدارک مهندسی
sidebar.engineering.external_sharing,External Document Sharing,اشتراک خارجی مدارک
sidebar.engineering.handover,Engineering Handover,تحویل مهندسی
sidebar.engineering.product_management,Product Management,مدیریت محصول
sidebar.engineering.title,Engineering,مهندسی
sidebar.executive_dashboard,Executive Dashboard,داشبورد مدیریتی
sidebar.executive_dashboard,Executive dashboard,داشبورد مدیریتی
sidebar.executive_dashboard,Executive Dashboard,داشبورد مدیریتی
sidebar.finance.currency,Currency Management,مدیریت ارز
sidebar.finance.customer_invoices,Customer Invoices,فاکتورهای مشتری
sidebar.finance.inventory_valuation,Inventory Valuation,ارزیابی موجودی
sidebar.finance.product_costing,Product Costing,هزینه‌یابی محصول
sidebar.finance.project_financials,Project Financials,مالی پروژه
sidebar.finance.supplier_invoices,Supplier Invoices,فاکتورهای تامین کننده
sidebar.finance.title,Finance,مالی
sidebar.hr.employee_management,Employee Management,مدیریت کارکنان
sidebar.hr.skill_matrix,Skill Matrix,ماتریس مهارت
sidebar.hr.title,Human Resources,منابع انسانی
sidebar.hr.training,Training,آموزش
sidebar.hr.work_schedule,Work Schedule,برنامه کاری
sidebar.manufacturing.barcode_interface,Barcode / RFID Interface,
sidebar.manufacturing.capacity_planning,Capacity Planning,برنامه‌ریزی ظرفیت
sidebar.manufacturing.maintenance,Maintenance,نگهداری
sidebar.manufacturing.mrp,Material Requirements Planning (MRP),MRP
sidebar.manufacturing.mrp_dashboard,MRP Run Dashboard,داشبورد MRP
sidebar.manufacturing.mrp_exceptions,MRP Exceptions,استثناهای MRP
sidebar.manufacturing.planned_orders,Planned Orders,سفارشات برنامه‌ریزی شده
sidebar.manufacturing.production_orders,Production orders,سفارشات تولید
sidebar.manufacturing.shop_floor_control,Shop floor control,کنترل کف کارخانه
sidebar.manufacturing.subcontract_dashboard,Subcontract Dashboard,داشبورد برون‌سپاری
sidebar.manufacturing.title,Manufacturing,تولید
sidebar.manufacturing.title,Manufacturing,تولید
sidebar.manufacturing.what_if,What-If Scenarios,سناریوهای چه-اگر
sidebar.manufacturing.work_center_routing,Work center routing,
sidebar.manufacturing.work_centers,Work Centers,مراکز کاری
sidebar.project_selector.active_projects,Active Projects,
sidebar.project_selector.active_projects,Active projects,
sidebar.project_selector.all_projects,All Projects,
sidebar.project_selector.all_projects,All projects,
sidebar.project_selector.clear_all,Clear all,
sidebar.project_selector.multiple_enabled,Multiple Projects Enabled,
sidebar.project_selector.multiple_enabled,Multiple selection,
sidebar.project_selector.selected,Selected,
sidebar.projects.customer_portal,Customer Portal,پورتال مشتری
sidebar.projects.customer_project_mgmt,Customer Project Management,مدیریت پروژه مشتری
sidebar.projects.portfolio,Project Portfolio,پرتفوی پروژه
sidebar.projects.title,Projects,پروژه‌ها
sidebar.quality.analytics,Quality Analytics,
sidebar.quality.assurance,Quality Assurance,تضمین کیفیت
sidebar.quality.audit_management,Audit Management,مدیریت ممیزی
sidebar.quality.calibration,Calibration Management,مدیریت کالیبراسیون
sidebar.quality.capa,CAPA,اقدامات اصلاحی و پیشگیرانه
sidebar.quality.certificate_management,Certificate Management,مدیریت گواهینامه‌ها
sidebar.quality.corrective_actions,Corrective Actions,
sidebar.quality.dashboard,Quality Dashboard,داشبورد کیفیت
sidebar.quality.defect_management,Defect Management,مدیریت عیوب
sidebar.quality.final,Final Inspection,بازرسی نهایی
sidebar.quality.in_process,In‑Process Inspection,بازرسی حین تولید
sidebar.quality.incoming,Incoming Inspection,بازرسی ورودی
sidebar.quality.inspection,Quality Inspection,بازرسی
sidebar.quality.inspection,Inspection,بازرسی
sidebar.quality.inspection_workbench,Inspection Workbench,میز کار بازرسی
sidebar.quality.ncr_register,NCR Register,ثبت عدم انطباق
sidebar.quality.non_conformance,Non Conformance,عدم انطباق
sidebar.quality.nonconformances,Nonconformances,
sidebar.quality.operation_library,Operations Library,کتابخانه عملیات
sidebar.quality.planning,Quality Planning,برنامه‌ریزی کیفیت
sidebar.quality.product_quality_plans,Product Quality Plans,برنامه‌های کیفیت محصول
sidebar.quality.project_quality_plans,Project Quality Plans,برنامه‌های کیفیت پروژه
sidebar.quality.quality_templates,Quality Templates,الگوهای کیفیت
sidebar.quality.supplier_inspection_portal,Supplier Inspection Portal,پرتال بازرسی تأمین‌کننده
sidebar.quality.supplier_ncr,Supplier NCR,عدم انطباق تأمین‌کننده
sidebar.quality.supplier_quality_plans,Supplier Quality Plans,برنامه‌های کیفیت تامین کننده
sidebar.quality.supplier_scorecard,Supplier Scorecard,ارزیابی تأمین‌کننده
sidebar.quality.system,Quality System,سیستم کیفیت
sidebar.quality.title,Quality,کیفیت
sidebar.quick_actions.my_tasks,My Tasks,وظایف من
sidebar.quick_actions.title,Quick Actions,اقدامات سریع
sidebar.reports.customer_performance,Customer Performance,عملکرد مشتری
sidebar.reports.management,Management Reports,گزارشات مدیریتی
sidebar.reports.operational,Operational Reports,گزارشات عملیاتی
sidebar.reports.subcontracting_analysis,Subcontracting Analysis,تحلیل برون‌سپاری
sidebar.reports.supplier_performance,Supplier Performance,عملکرد تامین کننده
sidebar.reports.title,Reports,گزارش‌ها
sidebar.set,Set,تنظیم
sidebar.supply_chain.inventory,Inventory,موجودی
sidebar.supply_chain.inventory_valuation,Inventory Valuation,
sidebar.supply_chain.logistics,Logistics,
sidebar.supply_chain.purchase_orders,Purchase Orders,سفارشات خرید
sidebar.supply_chain.purchasing,Purchasing,خرید
sidebar.supply_chain.receiving,Receiving,
sidebar.supply_chain.rfq,RFQ Management,مدیریت درخواست قیمت
sidebar.supply_chain.shipping,Shipping,
sidebar.supply_chain.stock_movements,Stock Movements,
sidebar.supply_chain.stock_overview,Stock Overview,نمای کلی موجودی
sidebar.supply_chain.subcontract_pos,Subcontract POs,سفارشات خرید برون‌سپاری
sidebar.supply_chain.supplier_management,Supplier Management,مدیریت تامین کنندگان
sidebar.supply_chain.title,Supply Chain,زنجیره تامین
sidebar.supply_chain.warehouse,Warehouse Management,مدیریت انبار
sidebar.system_status.last_updated,Last Updated,آخرین بروزرسانی
sidebar.system_status.operational,Operational,در حال کار
sidebar.system_status.title,System Status,وضعیت سیستم
supplier_management.title,Supplier Management,مدیریت تامین کنندگان
supply_chain.0,0,۰
supply_chain._add_supplier,+ Add Supplier,+ افزودن تامین کننده
supply_chain.actions,Actions,عملیات
supply_chain.active,Active,فعال
supply_chain.active_portal_users,Active Portal Users,کاربران فعال پورتال
supply_chain.add_supplier,Add Supplier,افزودن تامین کننده
supply_chain.address,Address,آدرس
supply_chain.all,All,همه
supply_chain.average_rating,Average Rating,میانگین امتیاز
supply_chain.category,Category,دسته‌بندی
supply_chain.category_,Category *,دسته‌بندی *
supply_chain.city,City,شهر
supply_chain.code,Code,کد
supply_chain.contact_person,Contact Person,شخص تماس
supply_chain.country,Country,کشور
supply_chain.email_,Email *,ایمیل *
supply_chain.inactive,Inactive,غیرفعال
supply_chain.lead_time_days,Lead Time (days),زمان تحویل (روز)
supply_chain.loading,Loading...,در حال بارگذاری...
supply_chain.name,Name,نام
supply_chain.overall_rating,Overall Rating,امتیاز کلی
supply_chain.payment_terms,Payment Terms,شرایط پرداخت
supply_chain.phone,Phone,تلفن
supply_chain.rating_max,Rating Max,حداکثر امتیاز
supply_chain.rating_min,Rating Min,حداقل امتیاز
supply_chain.refresh,Refresh,تازه کردن
supply_chain.save,Save,ذخیره
supply_chain.status,Status,وضعیت
supply_chain.supplier_code_,Supplier Code *,کد تامین کننده *
supply_chain.supplier_name_,Supplier Name *,نام تامین کننده *
supply_chain.suppliers,Suppliers,تامین کنندگان
supply_chain.suppliers_list,Suppliers List,لیست تامین کنندگان
supply_chain.supply_chain,Supply Chain,زنجیره تامین
supply_chain.total_suppliers,Total Suppliers,کل تامین کنندگان
workflow.approve,Approve,تأیید
workflow.overdue,Overdue,تأخیر
workflow.pending,Pending,در انتظار
workflow.reject,Reject,رد
