کد کل,شرح کل,کد معین,شرح معین,کد جزء1,شرح جزء1,بدهکارابتداي دوره,بستانکارابتداي دوره,گردش بدهکار,گردش بستانکار,مانده بدهکار,مانده بستانکار,مرکز هزينه
810,هزینه های عملیاتی,81010,هزینه حقوق ودستمزدعملیاتی,1101,حقوق و دستمزد پايه,0,0,216000000,0,216000000,0,صنعتی-آسیاب
810,هزینه های عملیاتی,81010,هزینه حقوق ودستمزدعملیاتی,1101,حقوق و دستمزد پايه,0,0,28105346,0,28105346,0,صنعتی- هم زن
810,هزینه های عملیاتی,81010,هزینه حقوق ودستمزدعملیاتی,1101,حقوق و دستمزد پايه,0,0,615468050,0,615468050,0,صنعتی- بسته بندی
810,هزینه های عملیاتی,81010,هزینه حقوق ودستمزدعملیاتی,1101,حقوق و دستمزد پايه,0,0,2514554737,0,2514554737,0,پلیم- آسیاب
810,هزینه های عملیاتی,81010,هزینه حقوق ودستمزدعملیاتی,1102,حق سنوات,0,0,17839408346,0,17839408346,0,پلیم- پرکن
810,هزینه های عملیاتی,81010,هزینه حقوق ودستمزدعملیاتی,1102,حق سنوات,0,0,120000000,0,120000000,0,لیبل زن
810,هزینه های عملیاتی,81010,هزینه حقوق ودستمزدعملیاتی,1102,حق سنوات,0,0,4300000,0,4300000,0,پلیم- آسیاب
810,هزینه های عملیاتی,81010,هزینه حقوق ودستمزدعملیاتی,1102,حق سنوات,0,0,21000000,0,21000000,0,صنعتی-آسیاب
810,هزینه های عملیاتی,81020,سایر هزینه های کار کنان عملیاتی,1103,بن کارگري,0,0,12438119604,0,12438119604,0,آزمایشگاه صنعتی
810,هزینه های عملیاتی,81020,سایر هزینه های کار کنان عملیاتی,1103,بن کارگري,0,0,770905957,0,770905957,0,آزمایشگاه پلیم
810,هزینه های عملیاتی,81020,سایر هزینه های کار کنان عملیاتی,1103,بن کارگري,0,0,327430000,0,327430000,0,آزمایشگاه17025
810,هزینه های عملیاتی,81030,هزینه های استهلاک عملیاتی,2102,هزينه استهلاك ساختمان,0,0,150000000,0,150000000,0,اداری کارخانه
810,هزینه های عملیاتی,81030,هزینه های استهلاک عملیاتی,2103,هزينه استهلاك تاسيسات,0,0,75000000,0,75000000,0,تاسیسات
810,هزینه های عملیاتی,81040,هزینه های تعمیرات عملیاتی,3310,تعمير و نگهداري ماشينهاي اداري,0,0,45000000,0,45000000,0,اداری کارخانه
810,هزینه های عملیاتی,81040,هزینه های تعمیرات عملیاتی,3330,تعمير و نگهداري ماشين آلات و تجهيزات,0,0,120000000,0,120000000,0,صنعتی-آسیاب
810,هزینه های عملیاتی,81050,سایر هزینه های سربار عملیاتی,4410,هزينه نوشت افزار و ملزومات اداري,0,0,25000000,0,25000000,0,اداری کارخانه
810,هزینه های عملیاتی,81050,سایر هزینه های سربار عملیاتی,4480,آب/برق/گاز,0,0,85000000,0,85000000,0,تاسیسات